time_s,displacement_m,displacement_mm,breathing_signal_m,heart_signal_m
0.0,0.0002842934023637299,0.2842934023637299,-4.7395820427963186e-05,5.176353535986167e-06
0.05000000000000001,0.0002190310090340235,0.2190310090340235,-8.869166138766104e-05,-4.079350935435415e-06
0.10000000000000002,0.00016878768809650563,0.16878768809650563,-0.00012938824120885896,-5.5031780684114816e-06
0.15000000000000002,0.00013168414369069963,0.13168414369069964,-0.00016907084166697427,6.314866344065552e-06
0.20000000000000004,9.498726056230099e-05,0.09498726056230099,-0.0002073496336864209,3.187324985355581e-05
0.25000000000000006,8.601258972411487e-05,0.08601258972411487,-0.00024386533144555347,6.627315648023726e-05
0.30000000000000004,7.193372276612488e-05,0.07193372276612488,-0.0002782941092699818,0.00010045065889853242
0.3500000000000001,9.595601930221636e-05,0.09595601930221637,-0.00031035172654770996,0.00012376508975455401
0.4000000000000001,4.659926255378634e-05,0.04659926255378634,-0.00033979681702777634,0.0001271703703808024
0.45000000000000007,-3.540207823857538e-06,-0.003540207823857538,-0.00036643330089499847,0.00010602193989528382
0.5000000000000001,-9.575693171516641e-05,-0.09575693171516642,-0.000390111870116767,6.168677852880431e-05
0.55,-0.00021937906184437355,-0.21937906184437356,-0.00041073048344767923,1.4876093048554726e-06
0.6000000000000001,-0.0002811859717823904,-0.2811859717823904,-0.0004282337957169838,-6.299453986255691e-05
0.6500000000000001,-0.00031390343248840005,-0.3139034324884,-0.0004426114473817231,-0.00011876845456596058
0.7000000000000002,-0.0003465114401331801,-0.3465114401331801,-0.0004538951631949533,-0.00015463716368172204
0.7500000000000001,-0.0003745433953725007,-0.3745433953725007,-0.0004621546552658673,-0.00016389836917244809
0.8000000000000002,-0.00040544236792366614,-0.40544236792366617,-0.0004674923911810228,-0.00014584922503743512
0.8500000000000002,-0.0004454972583662438,-0.4454972583662438,-0.00047003736468768166,-0.00010574385533093151
0.9000000000000001,-0.0002497513039376403,-0.24975130393764028,-0.0004699380880445384,-5.32684948658787e-05
0.9500000000000002,-0.00014126930102450019,-0.1412693010245002,-0.00046735510515004067,1.3129057675714372e-08
1.0000000000000002,-0.00013477997758534502,-0.13477997758534502,-0.00046245339256941755,4.3534550616103487e-05
1.0500000000000003,-0.0001709582255248773,-0.1709582255248773,-0.00045539505617983757,7.016206795269689e-05
1.1,-0.00017715084648087603,-0.17715084648087603,-0.00044633273188882615,7.760345497372147e-05
1.1500000000000001,-0.00020576372802711334,-0.20576372802711335,-0.00043540406023914843,6.852635941184458e-05
1.2000000000000002,-0.00016912175110147948,-0.16912175110147948,-0.00042272753939859124,4.94744920132391e-05
1.2500000000000002,-0.00015032019530109229,-0.15032019530109228,-0.00040839998346098847,2.893582911404199e-05
1.3000000000000003,-0.0001205572989899371,-0.1205572989899371,-0.0003924957311692406,1.504811188870934e-05
1.3500000000000003,-0.000122150336577559,-0.122150336577559,-0.00037506766562967213,1.3440468841761848e-05
1.4000000000000004,-0.0001046415539178648,-0.1046415539178648,-0.0003561500175051675,2.565400281780802e-05
1.4500000000000002,-0.00012835346450639843,-0.12835346450639842,-0.0003357628332314164,4.849245769861438e-05
1.5000000000000002,-0.00013641178054788709,-0.13641178054788708,-0.00031391789961013,7.452415896760261e-05
1.5500000000000003,-8.374216068957315e-05,-0.08374216068957314,-0.00029062583238331975,9.37625347212104e-05
1.6000000000000003,-6.257635211114157e-05,-0.06257635211114157,-0.0002659039647922171,9.628305914402923e-05
1.6500000000000004,-0.00011659433357511375,-0.11659433357511376,-0.00023978461620644635,7.522851703552505e-05
1.7000000000000004,-0.00011282959560935651,-0.11282959560935651,-0.000212323281629652,2.940958754397982e-05
1.7500000000000002,-9.108738980914002e-05,-0.09108738980914002,-0.00018360626125102304,-3.5353553017723586e-05
1.8000000000000003,-8.276110750877501e-05,-0.08276110750877501,-0.0001537572484513738,-0.00010679097813855632
1.8500000000000003,-8.87884452628173e-05,-0.0887884452628173,-0.00012294241811330222,-0.00016879655826875244
1.9000000000000004,-0.000237187427109112,-0.237187427109112,-9.137360513044229e-05,-0.0002055866910523861
1.9500000000000004,-0.0003909619501290614,-0.39096195012906143,-5.930923512953846e-05,-0.00020627385748048514
2.0000000000000004,-0.0003046026182643905,-0.3046026182643905,-2.7052769295304554e-05,-0.000168400961784119
2.0500000000000003,2.163835394369788e-05,0.02163835394369788,5.051439745996618e-06,-9.915747837742056e-05
2.1000000000000005,7.396727227625018e-05,0.07396727227625018,3.66248136929e-05,-1.3692559191873718e-05
2.1500000000000004,0.00015350146341909664,0.15350146341909665,6.726348238812553e-05,6.906573045874635e-05
2.2,0.00038345048390187075,0.38345048390187075,9.654906380865465e-05,0.00013176740600922128
2.2500000000000004,0.00061720486557798,0.6172048655779799,0.00012406074717617065,0.0001634061654400197
2.3000000000000003,0.000264398879714367,0.264398879714367,0.00014938807531002176,0.00016192597216148442
2.3500000000000005,0.00026815690902770014,0.2681569090277001,0.00017214382310781006,0.0001338856348207901
2.4000000000000004,0.00029812938580017144,0.29812938580017145,0.00019197642125594124,9.146691486757123e-05
2.4500000000000006,0.00029404811359632374,0.29404811359632377,0.00020858145363166728,4.8038999110175035e-05
2.5000000000000004,0.0003126422014947296,0.3126422014947296,0.00022171183678204988,1.391493860619309e-05
2.5500000000000003,0.00032165637424099835,0.32165637424099836,0.00023118635950686065,-6.2792625103642e-06
2.6000000000000005,0.00033995469411169846,0.3399546941116985,0.0002368963248200741,-1.3917495753058182e-05
2.6500000000000004,0.0003460692938056907,0.34606929380569074,0.0002388101026926101,-1.4563028818398676e-05
2.7000000000000006,0.000335215451828241,0.335215451828241,0.00023697547279174854,-1.4965193292483602e-05
2.7500000000000004,0.000289527993069974,0.289527993069974,0.00023151971165657955,-2.0112785917951134e-05
2.8000000000000007,0.00023018408473841448,0.23018408473841448,0.0002226474562949972,-3.142035006402015e-05
2.8500000000000005,0.00018088377105676676,0.18088377105676676,0.00021063645163443067,-4.6572002351255205e-05
2.9000000000000004,0.00015068768943168098,0.15068768943168098,0.00019583135614121506,-6.086275355989311e-05
2.9500000000000006,0.00013095844599720624,0.13095844599720624,0.0001786358319183578,-6.933087869763931e-05
3.0000000000000004,0.00012929191841769378,0.12929191841769377,0.00015950317939272997,-6.875849508603855e-05
3.0500000000000007,0.00012162704922736594,0.12162704922736593,0.0001389257934037221,-5.877734294834374e-05
3.1000000000000005,0.00011789751755966872,0.11789751755966872,0.00011742372157077607,-4.175136585753398e-05
3.1500000000000004,0.00010213005517307326,0.10213005517307326,9.553260275560813e-05,-2.162236548473284e-05
3.2000000000000006,8.186771025636245e-05,0.08186771025636246,7.379125774455111e-05,-2.2949598565784855e-06
3.2500000000000004,5.889997004623562e-05,0.058899970046235615,5.27291984089764e-05,1.373525034050076e-05
3.3000000000000007,5.251826685893702e-05,0.05251826685893702,3.2854315970896035e-05,2.5967126822585396e-05
3.3500000000000005,4.050205822080601e-05,0.04050205822080601,1.4641002805091104e-05,3.5514650904398664e-05
3.400000000000001,5.441518566501075e-06,0.0054415185665010754,-1.4810454200579378e-06,4.3999006083838386e-05
3.4500000000000006,-2.571872918857334e-06,-0.0025718729188573338,-1.5137109890321209e-05,5.2249661377295135e-05
3.5000000000000004,-1.3241296739924807e-05,-0.013241296739924807,-2.601658527761434e-05,5.942662794716987e-05
3.5500000000000007,-6.731151313151358e-06,-0.006731151313151358,-3.388076155847186e-05,6.299829702742857e-05
3.6000000000000005,-1.0094369987531166e-05,-0.010094369987531165,-3.8569057815810404e-05,5.964983006568869e-05
3.650000000000001,-3.5376540750750535e-06,-0.0035376540750750533,-4.0003536128319484e-05,4.679754658793881e-05
3.7000000000000006,-8.583533451634782e-07,-0.0008583533451634782,-3.819154702921877e-05,2.4104604289319476e-05
3.750000000000001,-9.09681094416641e-05,-0.0909681094416641,-3.322638270780329e-05,-5.652017101098118e-06
3.8000000000000007,-0.0001177549014038808,-0.1177549014038808,-2.528584104481452e-05,-3.679880453390954e-05
3.8500000000000005,-0.00018347869519812294,-0.18347869519812293,-1.462863640927393e-05,-6.210728887987385e-05
3.900000000000001,-7.274947950680897e-05,-0.07274947950680896,-1.5886378925750203e-06,-7.48755374281224e-05
3.9500000000000006,-0.00018678986764572765,-0.18678986764572764,1.3433023046930241e-05,-7.107480140447546e-05
4.000000000000001,-2.4926134334852976e-05,-0.024926134334852978,2.997785671594603e-05,-5.083625654530127e-05
4.050000000000001,-2.4080151538802767e-05,-0.024080151538802767,4.754172673805176e-05,-1.8754839090717488e-05
4.1000000000000005,7.729381057122026e-05,0.07729381057122026,6.558807977737624e-05,1.713534017268963e-05
4.15,0.00011073543323925113,0.11073543323925113,8.356232953802199e-05,4.7438953446430066e-05
4.200000000000001,8.72101950096416e-05,0.0872101950096416,0.00010090697540787765,6.393167444408783e-05
4.250000000000001,0.0001916030179847931,0.19160301798479312,0.00011707700461038392,6.1818313173643e-05
4.300000000000001,0.00017624735091601132,0.17624735091601132,0.00013155511964249846,4.108134623376561e-05
4.3500000000000005,0.0001017324537779649,0.1017324537779649,0.00014386634685070363,6.556408436795035e-06
4.4,8.495354093252509e-05,0.08495354093252509,0.00015359161301531666,-3.3266954805760704e-05
4.450000000000001,7.754045627859453e-05,0.07754045627859453,0.00016037991909364187,-6.83773964274195e-05
4.500000000000001,8.847286013858422e-05,0.08847286013858423,0.00016395878589221206,-8.973563959636892e-05
4.550000000000001,0.00011114416934831166,0.11114416934831166,0.00016414268880005154,-9.149814246165811e-05
4.6000000000000005,0.00011750537926298448,0.11750537926298449,0.00016083923702721277,-7.244144945964433e-05
4.650000000000001,0.00014351346871315106,0.14351346871315107,0.0001540528914632297,-3.627381587543229e-05
4.700000000000001,0.00015176426014925365,0.15176426014925365,0.0001438860597245788,9.217243329782525e-06
4.750000000000001,0.0001744725534058964,0.1744725534058964,0.00013053746087178576,5.3980871239697914e-05
4.800000000000001,0.00019229178945627363,0.19229178945627362,0.00011429771733793078,8.807828504096818e-05
4.8500000000000005,0.00018927628156833974,0.18927628156833973,9.55422082246624e-05,0.00010408516906039599
4.900000000000001,0.00015417367856450327,0.15417367856450326,7.472130570462759e-05,9.895669789040148e-05
4.950000000000001,5.225448752940677e-05,0.05225448752940677,5.234821258899858e-05,7.48735128045865e-05
5.000000000000001,5.213019613231309e-05,0.052130196132313095,2.898471892982176e-05,3.878770307618617e-05
5.050000000000001,2.0824300649962533e-05,0.020824300649962532,5.225290286422177e-06,6.835596563440138e-07
5.1000000000000005,-6.637313714426475e-05,-0.06637313714426475,-1.8320019140780026e-05,-2.9095172525763375e-05
5.150000000000001,-0.00014825808276927694,-0.14825808276927693,-4.104327496906257e-05,-4.2799950641214654e-05
5.200000000000001,-0.00020600391630620012,-0.20600391630620013,-6.235640208436454e-05,-3.769135855403989e-05
5.250000000000001,-0.0002175736277420537,-0.2175736277420537,-8.17083538902933e-05,-1.7132484793939023e-05
5.300000000000001,-0.0002104970304571262,-0.2104970304571262,-9.860112955445659e-05,1.0119849317554426e-05
5.3500000000000005,-0.00019242152808126426,-0.19242152808126425,-0.00011260410673278324,3.23968335773801e-05
5.400000000000001,-0.00015415820290818483,-0.15415820290818483,-0.00012336623028077825,3.8759167503479694e-05
5.450000000000001,-0.00015947400283948282,-0.15947400283948282,-0.00013062568425872216,2.2727337253275038e-05
5.500000000000001,-0.0001872793051710084,-0.1872793051710084,-0.00013421676550968696,-1.5115339371368698e-05
5.550000000000001,-0.00023423968849701506,-0.23423968849701507,-0.0001340737663085795,-6.660097774269988e-05
5.600000000000001,-0.0002804503248745881,-0.2804503248745881,-0.00013023176037147983,-0.00011787075440228215
5.650000000000001,-0.00031803562402924536,-0.31803562402924535,-0.00012282427483840394,-0.00015322955985411105
5.700000000000001,-0.0004324746015232769,-0.4324746015232769,-0.00011207792649165507,-0.000159821110926623
5.750000000000001,-0.0003687621454715805,-0.3687621454715805,-9.830420804255e-05,-0.0001316534923272454
5.800000000000001,-0.00016162689312501394,-0.16162689312501394,-8.18887312412935e-05,-7.167316984129892e-05
5.850000000000001,3.689304367911965e-05,0.03689304367911965,-6.327836288014034e-05,8.787161874550367e-06
5.900000000000001,0.00012438978142199697,0.12438978142199697,-4.2966811427316426e-05,9.299528518238139e-05
5.950000000000001,0.0001564455158123684,0.15644551581236837,-2.147931038996214e-05,0.00016326682239131604
6.000000000000001,0.00020834885002269315,0.20834885002269316,6.429231408283922e-07,0.0002054858193553032
6.050000000000001,0.0002141302360875378,0.21413023608753778,2.2857806293458176e-05,0.00021238761094187242
6.100000000000001,0.00020734332010748094,0.20734332010748094,4.463651782048878e-05,0.00018478279374002817
6.150000000000001,0.00018794232452535524,0.18794232452535523,6.547618431884858e-05,0.00013059114325685497
6.200000000000001,0.00014307386282777997,0.14307386282777998,8.491080837918916e-05,6.219815800300005e-05
6.250000000000001,0.00011566479194992076,0.11566479194992076,0.00010252025992459746,-6.9465017594558406e-06
6.300000000000001,8.449492236195708e-05,0.08449492236195709,0.00011793728246436897,-6.54860146600767e-05
6.350000000000001,8.282031477964648e-05,0.08282031477964648,0.00013085257899801122,-0.0001062795635332078
6.400000000000001,-3.7591308384206836e-05,-0.03759130838420684,0.0001410181312851966,-0.00012710277442201835
6.450000000000001,-5.724058483972276e-05,-0.05724058483972276,0.0001482489676146515,-0.00012998090996223488
6.500000000000001,-1.6442587398623407e-05,-0.016442587398623407,0.00015242362581223466,-0.00011957299964014715
6.550000000000002,3.8922448800074406e-05,0.03892244880007441,0.00015348355866048115,-0.00010122741498328142
6.600000000000001,5.021229215494766e-05,0.05021229215494766,0.00015143170100366524,-7.934133462846129e-05
6.650000000000001,7.697347924718196e-05,0.07697347924718197,0.00014633037137099555,-5.648784686348186e-05
6.700000000000001,7.547094159056116e-05,0.07547094159056116,0.000138298629106138,-3.347443850139091e-05
6.750000000000001,6.874517060931871e-05,0.06874517060931871,0.00012750916045239642,-1.0155711703433573e-05
6.800000000000002,7.436746343579435e-05,0.07436746343579435,0.00011418472750261237,1.3444967216470573e-05
6.850000000000001,7.469179900662967e-05,0.07469179900662966,9.859418241108099e-05,3.624764208329084e-05
6.900000000000001,8.142858319461759e-05,0.0814285831946176,8.104802519998866e-05,5.5890179977037405e-05
6.950000000000001,9.289915530159983e-05,0.09289915530159984,6.189346722534545e-05,6.930484829434725e-05
7.000000000000001,0.00010721981196828192,0.10721981196828193,4.15089553752924e-05,7.388239820530014e-05
7.050000000000002,0.00013603952312261084,0.13603952312261083,2.0298116409950365e-05,6.872925509795384e-05
7.100000000000001,6.664620081617621e-05,0.06664620081617621,-1.3169015637496732e-06,5.543859013284862e-05
7.150000000000001,2.839773859403862e-05,0.02839773859403862,-2.290268191999525e-05,3.795479448529751e-05
7.200000000000001,-8.277366612916465e-05,-0.08277366612916465,-4.402233487543873e-05,2.1463005790638532e-05
7.250000000000001,-5.9491876243503046e-05,-0.05949187624350304,-6.424373556704824e-05,1.0643618203690279e-05
7.300000000000002,-7.455968611032352e-05,-0.07455968611032351,-8.31480614921972e-05,7.925865501658525e-06
7.350000000000001,-7.239525720998033e-05,-0.07239525720998033,-0.00010033845375467712,1.242653710561263e-05
7.400000000000001,-9.716890132134615e-05,-0.09716890132134615,-0.00011544860622701654,2.0041396944701267e-05
7.450000000000001,-9.98544682918074e-05,-0.0998544682918074,-0.00012815107409863894,2.474861462263879e-05
7.500000000000002,-6.443653088430999e-05,-0.06443653088430999,-0.0001381650843457391,2.0736864163968197e-05
7.550000000000002,-0.0001365163870606403,-0.13651638706064032,-0.0001452636242010135,4.648419785009908e-06
7.600000000000001,-0.0001611656432720857,-0.16116564327208568,-0.0001492795802361367,-2.285194990466807e-05
7.650000000000001,-0.00019478889154850816,-0.19478889154850818,-0.00015011070181188542,-5.67738772386271e-05
7.700000000000001,-0.0002308264770382573,-0.2308264770382573,-0.0001477231720599809,-8.894462900349715e-05
7.750000000000002,-0.0002707700168121683,-0.2707700168121683,-0.0001421535923337225,-0.00011029488879859021
7.800000000000002,-0.0003048252116505593,-0.3048252116505593,-0.0001335092261407371,-0.00011359152338778625
7.850000000000001,-0.00019867990396342988,-0.19867990396342988,-0.00012196640725201185,-9.575663467184802e-05
7.900000000000001,-0.0001643103067912258,-0.1643103067912258,-0.00010776709225732468,-5.9030901135442256e-05
7.950000000000001,-0.00012041662970926174,-0.12041662970926174,-9.121362423308346e-05,-1.0601024900430143e-05
8.000000000000002,-3.751875160813654e-05,-0.03751875160813654,-7.266186075094894e-05,3.920877659204175e-05
8.05,1.7135579115596048e-05,0.017135579115596048,-5.2512894715242854e-05,7.964350664254753e-05
8.100000000000001,0.00011160429089568276,0.11160429089568276,-3.1203652494569354e-05,0.00010232660334106406
8.150000000000002,0.00012407467460867085,0.12407467460867085,-9.196686333131693e-06,0.00010337001069942414
8.200000000000001,7.853134675376203e-05,0.07853134675376203,1.3030514772978708e-05,8.422090444833456e-05
8.250000000000002,3.00322182558801e-05,0.0300322182558801,3.4996388215807024e-05,5.107642507662068e-05
8.3,2.6007601702511445e-05,0.026007601702511443,5.62260607469342e-05,1.3115965574682275e-05
8.350000000000001,5.376119161410631e-05,0.053761191614106314,7.626177502741115e-05,-1.989676453175974e-05
8.400000000000002,8.406301577439206e-05,0.08406301577439206,9.467277488675417e-05,-3.998779545096992e-05
8.450000000000001,7.353581994547094e-05,0.07353581994547094,0.00011106446504800217,-4.2766921711949064e-05
8.500000000000002,0.000180201243035957,0.180201243035957,0.000125086674085903,-2.830815083525887e-05
8.55,0.00015851073479924296,0.15851073479924296,0.00013644086082349732,-1.029317520385459e-06
8.600000000000001,0.00017466856247064995,0.17466856247064994,0.00014488611947909117,3.1322200130691576e-05
8.650000000000002,0.00021038429323912242,0.21038429323912242,0.00015024386102435687,5.935290104774969e-05
8.700000000000001,0.00021691737016568617,0.21691737016568619,0.00015240107840113062,7.408738420855147e-05
8.750000000000002,0.00020458422359025116,0.20458422359025116,0.00015131214022765286,6.907720821090962e-05
8.8,0.00019332079958962536,0.19332079958962536,0.00014699909946042176,4.2168648927361675e-05
8.850000000000001,0.00016480221299221748,0.16480221299221748,0.00013955054819356726,-3.48428332500312e-06
8.900000000000002,0.0001333293720353717,0.1333293720353717,0.0001291190944459232,-5.952777781770192e-05
8.950000000000001,9.258148698065896e-05,0.09258148698065896,0.00011591757740148003,-0.00011382988087124968
9.000000000000002,2.1104021293907806e-05,0.021104021293907805,0.0001002141701456044,-0.0001531003563373376
9.050000000000002,-4.852104163153456e-05,-0.04852104163153456,8.23265400418517e-05,-0.0001662097147852623
9.100000000000001,-0.00012041113087809024,-0.12041113087809023,6.261524326870983e-05,-0.00014737515740691432
9.150000000000002,-0.00010798293020813278,-0.10798293020813278,4.1476518599311485e-05,-9.824974803938087e-05
9.200000000000001,3.1078382649698605e-05,0.031078382649698606,1.933461506818863e-05,-2.8131342432425882e-05
9.250000000000002,0.00010674438222422542,0.10674438222422541,-3.366256870420301e-06,4.799901423026962e-05
9.300000000000002,0.00017275361286822385,0.17275361286822385,-2.6170307794309004e-05,0.00011322820512811458
9.350000000000001,0.00013814306467477348,0.13814306467477347,-4.861887219131615e-05,0.00015325299462717206
9.400000000000002,9.11988593410285e-05,0.0911988593410285,-7.025941629644643e-05,0.00016038309781330032
9.450000000000001,1.3352955172994708e-05,0.013352955172994709,-9.065479859180766e-05,0.0001357645796125455
9.500000000000002,-2.4444683467017992e-05,-0.024444683467017992,-0.00010939266984567272,8.907426999219872e-05
9.550000000000002,-6.652512683853073e-05,-0.06652512683853073,-0.00012609483144156145,3.567791754902294e-05
9.600000000000001,-0.00012958828777611902,-0.12958828777611903,-0.00014042631008806913,-7.987523291944895e-06
9.650000000000002,-0.00018267600168999916,-0.18267600168999915,-0.00015210386263642996,-2.9479780917907745e-05
9.700000000000001,-0.00020067652973606312,-0.20067652973606312,-0.00016090360054759435,-2.4339875228017257e-05
9.750000000000002,-0.00021323568990375615,-0.21323568990375616,-0.00016666742123754765,2.2765239163802535e-06
9.800000000000002,-0.0001632329385250066,-0.1632329385250066,-0.00016930795331499118,3.6959805001954103e-05
9.850000000000001,-0.0001800093826015902,-0.18000938260159022,-0.00016881176200511902,6.215085816591326e-05
9.900000000000002,-0.00013654656848545945,-0.13654656848545946,-0.00016524061400109886,6.186855375230326e-05
9.950000000000001,-0.0001478061367411769,-0.1478061367411769,-0.000158730660653739,2.7349146428887067e-05
10.000000000000002,-0.00012945553854095876,-0.12945553854095876,-0.00014948945957061143,-3.921116492726446e-05
10.050000000000002,-0.00014475411992331968,-0.14475411992331969,-0.00013779081504506274,-0.00012414804282036754
10.100000000000001,-0.0003334428675912644,-0.3334428675912644,-0.00012396747755134274,-0.00020545190140994408
10.150000000000002,-0.00044641639446919645,-0.44641639446919645,-0.00010840180513320543,-0.0002587747964392567
10.200000000000001,-0.0004475463404166534,-0.4475463404166534,-9.151456296368647e-05,-0.00026459607681946564
10.250000000000002,-0.0002634411948077971,-0.2634411948077971,-7.375213281306759e-05,-0.00021436096164383507
10.300000000000002,-7.521341052242785e-05,-0.07521341052242785,-5.557252620888993e-05,-0.00011365607915440456
10.350000000000001,4.212269683988335e-06,0.004212269683988335,-3.743073065068623e-05,1.8617267158143997e-05
10.400000000000002,0.00024137188305334775,0.24137188305334775,-1.976403770941656e-05,0.00015487331712705281
10.450000000000001,0.0002912492577275495,0.2912492577275495,-2.9780736492524115e-06,0.00026591813271000013
10.500000000000002,0.00041777671051692147,0.41777671051692145,1.2565742205787307e-05,0.0003284070586305831
10.550000000000002,0.0004443817438770508,0.4443817438770508,2.6560653738363766e-05,0.00033056459152635274
10.600000000000001,0.0003735114369036603,0.3735114369036603,3.876241535171192e-05,0.0002746340899347895
10.650000000000002,0.0002550227345697621,0.2550227345697621,4.8994193316299396e-05,0.0001755425736855769
10.700000000000001,9.425523020447523e-05,0.09425523020447524,5.7148401684125593e-05,5.638425674188202e-05
10.750000000000002,8.103834040740604e-06,0.008103834040740604,6.318557398747283e-05,-5.7803283798396664e-05
10.800000000000002,-5.629724735003612e-05,-0.05629724735003612,6.713056645910311e-05,-0.00014612965361321793
10.850000000000001,-8.333650007238089e-05,-0.08333650007238089,6.906653409202609e-05,-0.00019618383415022085
10.900000000000002,-0.00010412701933579718,-0.10412701933579718,6.912720747676113e-05,-0.00020566228001738524
10.950000000000001,-9.521132768105377e-05,-0.09521132768105377,6.748802867625647e-05,-0.00018122886126372938
11.000000000000002,-7.952933905591761e-05,-0.07952933905591761,6.43566885435026e-05,-0.00013532795305203405
11.050000000000002,-2.2133974360369673e-05,-0.022133974360369672,5.996355805759033e-05,-8.213234306956595e-05
11.100000000000001,-7.5214098850472685e-06,-0.007521409885047269,5.4552434337944214e-05,-3.3850522776082714e-05
11.150000000000002,-1.33993999851845e-06,-0.0013399399985184498,4.8371939127422985e-05,1.703886431576735e-06
11.200000000000003,-4.525728016774544e-06,-0.004525728016774544,4.166782316711201e-05,2.190521560460233e-05
11.250000000000002,4.7118352352538705e-06,0.00471183523525387,3.46763500231937e-05,2.8629506329767637e-05
11.300000000000002,2.402204472496063e-05,0.024022044724960633,2.761885960854709e-05,2.661816374572813e-05
11.350000000000001,4.602497193490622e-05,0.04602497193490622,2.069754496807152e-05,2.1545797851623552e-05
11.400000000000002,4.223911489464376e-05,0.04223911489464376,1.4092416721811856e-05,1.834483754525921e-05
11.450000000000003,2.3722153055951537e-05,0.023722153055951538,7.959380131551582e-06,2.010715664086477e-05
11.500000000000002,1.8225182334191496e-05,0.018225182334191497,2.429312020728526e-06,2.7638498311462435e-05
11.550000000000002,2.400444704485286e-05,0.02400444704485286,-2.392001438988525e-06,3.9571704977978085e-05
11.600000000000001,4.4286813529241974e-05,0.04428681352924197,-6.423221769775885e-06,5.2877179566363456e-05
11.650000000000002,6.255647849361908e-05,0.06255647849361907,-9.606274617535229e-06,6.361843697011126e-05
11.700000000000003,6.985786161598392e-05,0.06985786161598391,-1.1904790799081246e-05,6.783724566592573e-05
11.750000000000002,5.929789474499129e-05,0.059297894744991295,-1.3302327918736152e-05,6.247256771636484e-05
11.800000000000002,4.7086869293223426e-05,0.04708686929322343,-1.3800508253383712e-05,4.620134364325093e-05
11.850000000000001,2.707633380878393e-05,0.027076333808783933,-1.3417178764736487e-05,2.0048612262962255e-05
11.900000000000002,-4.118304121989177e-06,-0.004118304121989177,-1.2184663524969148e-05,-1.2415912522434943e-05
11.950000000000003,-2.1897092001658262e-05,-0.021897092001658264,-1.0148142603380034e-05,-4.545659314984649e-05
12.000000000000002,-4.9162163765872094e-05,-0.0491621637658721,-7.364159454208473e-06,-7.218812999535906e-05
12.050000000000002,-8.602522537754611e-05,-0.08602522537754612,-3.899234990554312e-06,-8.611872181645126e-05
12.100000000000001,8.362936917318424e-06,0.008362936917318424,1.7144664415174422e-07,-8.290792523391386e-05
12.150000000000002,-9.284235538649405e-05,-0.09284235538649406,4.765317513961957e-06,-6.186964709606055e-05
12.200000000000003,-0.00016469858352476943,-0.16469858352476943,9.7936998001495e-06,-2.6713843268698898e-05
12.250000000000002,0.00010561187328700758,0.10561187328700758,1.5163088677049221e-05,1.484647290036718e-05
12.300000000000002,7.70709893260506e-05,0.0770709893260506,2.0776438434600646e-05,5.2698069191343724e-05
12.350000000000001,7.341698977468303e-05,0.07341698977468303,2.6534424471647197e-05,7.682850935044885e-05
12.400000000000002,0.0001275141702331139,0.1275141702331139,3.233664001672035e-05,8.007425849499976e-05
12.450000000000003,6.776831210290954e-05,0.06776831210290954,3.808268916528915e-05,6.0310858627434517e-05
12.500000000000002,0.00010974233692211898,0.10974233692211899,4.367315665345713e-05,2.138416950096512e-05
12.550000000000002,4.783014203779124e-05,0.04783014203779124,4.901046207183874e-05,-2.7577970458079115e-05
12.600000000000001,-7.292743001345647e-05,-0.07292743001345647,5.399963401537468e-05,-7.435908594851209e-05
12.650000000000002,-9.76756875315532e-05,-0.0976756875315532,5.85490613577739e-05,-0.00010677638332728561
12.700000000000003,-8.476157207978426e-05,-0.08476157207978426,6.257128704929119e-05,-0.00011586140441422389
12.750000000000002,-7.248917303268168e-05,-0.07248917303268168,6.598389752344761e-05,-9.820550535179822e-05
12.800000000000002,5.9106832730084744e-05,0.05910683273008474,6.871052655406375e-05,-5.68359463429376e-05
12.850000000000001,0.00017003789161055573,0.17003789161055574,7.06819441378939e-05,-4.348589462815527e-07
12.900000000000002,0.00017397293079364363,0.17397293079364362,7.1837153790385e-05,5.881466878972263e-05
12.950000000000003,0.00013991516086476772,0.1399151608647677,7.212439169267606e-05,0.00010813166676185833
13.000000000000002,0.00012295978479260155,0.12295978479260156,7.150191834023932e-05,0.0001370463704860738
13.050000000000002,0.0001849195783541898,0.18491957835418982,6.993851636936425e-05,0.0001396618567603059
13.100000000000003,0.00015716489303877347,0.15716489303877346,6.741364703837446e-05,0.00011583225770613728
13.150000000000002,0.00013520173771281805,0.13520173771281804,6.391726255171276e-05,7.107760763895739e-05
13.200000000000003,0.00010428491229674648,0.10428491229674648,5.944931753415221e-05,1.529788153205242e-05
13.250000000000002,2.2204775461194325e-05,0.022204775461194325,5.401906826699565e-05,-3.943779191731312e-05
13.300000000000002,-0.00010365159614943955,-0.10365159614943954,4.764428802864018e-05,-8.157433781634607e-05
13.350000000000003,-0.00013943527684576784,-0.13943527684576784,4.0350553034375285e-05,-0.00010265831531378069
13.400000000000002,-0.00011686251490157436,-0.11686251490157436,3.217075713458151e-05,-9.924720197976957e-05
13.450000000000003,-9.35854613046463e-05,-0.0935854613046463,2.3144988761331665e-05,-7.36779759685909e-05
13.500000000000002,-5.408411131243282e-05,-0.05408411131243282,1.3320852575803152e-05,-3.3483519213639095e-05
13.550000000000002,-1.2312991079739296e-05,-0.012312991079739296,2.754251742094775e-06,1.0429256502404912e-05
13.600000000000003,2.1167809445101057e-05,0.021167809445101056,-8.489420483659738e-06,4.641590477883208e-05
13.650000000000002,2.3200685523292186e-05,0.023200685523292186,-2.0333786796853835e-05,6.49157337292343e-05
13.700000000000003,-2.35275227139355e-06,-0.00235275227139355,-3.2689833450246614e-05,6.078099853462729e-05
13.750000000000002,-4.2936883357006693e-05,-0.04293688335700669,-4.5454259911737425e-05,3.45579796483062e-05
13.800000000000002,-7.943377484555897e-05,-0.07943377484555897,-5.850799020607736e-05,-7.58355762609152e-06
13.850000000000003,-0.00011401903899566448,-0.11401903899566448,-7.171499369720522e-05,-5.5258457213278365e-05
13.900000000000002,-0.00014331689762181663,-0.14331689762181662,-8.492154728346782e-05,-9.629012623647611e-05
13.950000000000003,-0.000161953556513828,-0.161953556513828,-9.795605644841691e-05,-0.00011959544904402428
14.000000000000002,-0.00015599867190807773,-0.15599867190807773,-0.00011062954145579463,-0.00011786175826491313
14.050000000000002,-0.00019049100628196558,-0.19049100628196558,-0.0001227368866627234,-8.93760051491095e-05
14.100000000000003,-0.00018167156831967363,-0.18167156831967363,-0.00013405894325923797,-3.8541209223453405e-05
14.150000000000002,-0.00011677122378502317,-0.11677122378502316,-0.0001443655660176354,2.5085645713635733e-05
14.200000000000003,-4.3531959753457616e-05,-0.04353195975345762,-0.00015341965002998634,8.902999999283129e-05
14.250000000000002,6.525273014731961e-06,0.006525273014731961,-0.00016098220979566595,0.00014085283844314785
14.300000000000002,4.800648341093976e-05,0.04800648341093976,-0.0001668185040387388,0.00017103583173240055
14.350000000000003,3.974235855298526e-05,0.03974235855298526,-0.00017070514908638449,0.0001750065400633814
14.400000000000002,-1.028150712619977e-05,-0.01028150712619977,-0.00017243808001709393,0.0001537558759399608
14.450000000000003,-7.870734240867584e-05,-0.07870734240867584,-0.0001718411178989694,0.0001129364403222469
14.500000000000002,-0.0001591153047794426,-0.1591153047794426,-0.0001687747956370075,6.0818786931471307e-05
14.550000000000002,-0.00024664119687169475,-0.24664119687169475,-0.0001631450002396223,5.848720684147792e-06
14.600000000000003,-0.0003113735884962428,-0.31137358849624275,-0.0001549109216292044,-4.5349147241083315e-05
14.650000000000002,-0.0003271790166742162,-0.32717901667421617,-0.00014409176990311828,-8.888686887814062e-05
14.700000000000003,-0.0003434663526330582,-0.3434663526330582,-0.00013077174091269064,-0.00012326489379013602
14.750000000000002,-0.0003349639134335312,-0.3349639134335312,-0.00011510277414390676,-0.0001480992087945493
14.800000000000002,-0.0002696289820139683,-0.2696289820139683,-9.73047508952836e-05,-0.000162645329959473
14.850000000000003,-0.00027568348259626225,-0.27568348259626224,-7.766291426011178e-05,-0.00016491949064650956
14.900000000000002,-0.0002420510230783689,-0.2420510230783689,-5.6522443494259355e-05,-0.00015194621632870278
14.950000000000003,-0.0002347402321880597,-0.2347402321880597,-3.428027282742468e-05,-0.00012113902368323274
15.000000000000004,-0.00022663956877737768,-0.22663956877737768,-1.1374400220755459e-05,-7.226126047989895e-05
15.050000000000002,-0.00013613206764656125,-0.13613206764656124,1.1728920303466477e-05,-9.06368900179185e-06
15.100000000000003,6.592377161241398e-05,0.06592377161241397,3.454957267530866e-05,6.027325012403299e-05
15.150000000000002,0.0002566087027141533,0.2566087027141533,5.6608911722838445e-05,0.00012433836199895128
15.200000000000003,0.00034536524300308986,0.34536524300308985,7.744530338551884e-05,0.0001711206531396667
15.250000000000004,0.00035524132774075333,0.35524132774075334,9.662910774015112e-05,0.00019125801739038295
15.300000000000002,0.00034658736303216827,0.34658736303216825,0.00011377637248457826,0.00018079584792819736
15.350000000000003,0.00028373343360445387,0.28373343360445386,0.00012856060011237985,0.00014248664889971027
15.400000000000002,0.00024839542667849776,0.24839542667849776,0.00014072209424605768,8.516510264694173e-05
15.450000000000003,0.00022602018028846025,0.22602018028846024,0.00015007455582953018,2.1391351212032593e-05
15.500000000000004,0.00018094068674436928,0.18094068674436928,0.00015650876707653223,-3.58811139023693e-05
15.550000000000002,0.00013304604444872375,0.13304604444872375,0.00015999335620443168,-7.657724202654316e-05
15.600000000000003,0.00013656781429271625,0.13656781429271625,0.00016057277154498626,-9.575185492236623e-05
15.650000000000002,0.00011142279194477642,0.11142279194477642,0.00015836270599137953,-9.423647269556772e-05
15.700000000000003,0.00011005000379837183,0.11005000379837183,0.00015354330047450293,-7.762742987819766e-05
15.750000000000004,9.728482629368691e-05,0.09728482629368691,0.0001463505189443245,-5.4065209815388986e-05
15.800000000000002,9.176739583205911e-05,0.0917673958320591,0.00013706612957388732,-3.15775754713359e-05
15.850000000000003,7.943556587105023e-05,0.07943556587105023,0.00012600675034694984,-1.581659391562205e-05
15.900000000000002,6.233441518862041e-05,0.062334415188620415,0.00011351242398998778,-8.8185020769072e-06
15.950000000000003,2.135679590269638e-05,0.02135679590269638,9.993517889136621e-05,-9.040602192017898e-06
16.000000000000004,-1.4497367031402072e-05,-0.014497367031402073,8.562801006799035e-05,-1.2511367151710817e-05
16.050000000000004,-4.86467276028474e-05,-0.0486467276028474,7.093467732308267e-05,-1.4601758584190426e-05
16.1,-4.956176728020698e-05,-0.04956176728020698,5.618066576504056e-05,-1.178288545689146e-05
16.150000000000002,-4.5651072108241714e-05,-0.045651072108241715,4.166558676859225e-05,-2.8075165243727885e-06
16.200000000000003,-3.8153447651309296e-05,-0.0381534476513093,2.7657217579946816e-05,1.1001789527150403e-05
16.250000000000004,-3.591151767634007e-05,-0.03591151767634007,1.4387290364161219e-05,2.6353597981713073e-05
16.300000000000004,-4.5801408654142397e-05,-0.045801408654142395,2.049053373492353e-06,3.918840508400087e-05
16.35,-4.834232799451056e-05,-0.04834232799451056,-9.20345592314617e-06,4.603038491433388e-05
16.400000000000002,-8.541937704526776e-06,-0.008541937704526775,-1.925455971016438e-05,4.5042349788732084e-05
16.450000000000003,2.3596626409878336e-06,0.0023596626409878338,-2.8024707377671414e-05,3.647842389206083e-05
16.500000000000004,-2.892620148036871e-05,-0.02892620148036871,-3.5467108099855555e-05,2.2452269201928603e-05
16.550000000000004,-4.196257161597728e-05,-0.04196257161597728,-4.156350900130429e-05,6.166924388582618e-06
16.6,-4.375164977457868e-05,-0.04375164977457868,-4.6319417331850164e-05,-9.086418446125258e-06
16.650000000000002,-3.247786675124634e-05,-0.03247786675124634,-4.975906865716837e-05,-2.080840316389303e-05
16.700000000000003,-2.1708865037716702e-05,-0.021708865037716702,-5.192043581281899e-05,-2.777918094823533e-05
16.750000000000004,-7.258306810106745e-06,-0.0072583068101067455,-5.2850556989854044e-05,-3.0053423037659968e-05
16.800000000000004,4.3655048536153335e-06,0.004365504853615334,-5.2601435189822425e-05,-2.8552500168528306e-05
16.85,1.174330090245659e-05,0.01174330090245659,-5.122672419635515e-05,-2.44792631846002e-05
16.900000000000002,9.225903121314778e-06,0.009225903121314778,-4.877936805202815e-05,-1.881450303931478e-05
16.950000000000003,9.102724671523827e-06,0.009102724671523827,-4.531030328468994e-05,-1.2082241792758603e-05
17.000000000000004,-1.7277966580675075e-05,-0.017277966580675076,-4.086826870559802e-05,-4.432158155128999e-06
17.050000000000004,-2.1586400943618265e-05,-0.021586400943618266,-3.550070051688996e-05,4.055559010764539e-06
17.1,3.400739401090487e-05,0.03400739401090487,-2.9255625287436395e-05,1.3024985430156945e-05
17.150000000000002,5.1796444962679424e-05,0.051796444962679426,-2.2184403961036015e-05,2.1641219404286235e-05
17.200000000000003,6.913375131764625e-06,0.0069133751317646255,-1.4345127948571083e-05,2.863460756409295e-05
17.250000000000004,-1.3643604193842101e-05,-0.0136436041938421,-5.806422799089864e-06,3.258658946405071e-05
17.300000000000004,-1.658872338451551e-05,-0.016588723384515513,3.3486237246703932e-06,3.2354671594693766e-05
17.35,-1.379709610216863e-05,-0.013797096102168631,1.3018720102860226e-05,2.7483198918644852e-05
17.400000000000002,-3.7266843158266674e-05,-0.03726684315826667,2.3081138304517474e-05,1.8449485492555313e-05
17.450000000000003,-3.4038123784739046e-05,-0.03403812378473905,3.338930403809155e-05,6.6450747211760035e-06
17.500000000000004,-5.2982152123543405e-05,-0.0529821521235434,4.377149718995767e-05,-5.925184075991285e-06
17.550000000000004,-4.1390807295212506e-05,-0.04139080729521251,5.403090508010317e-05,-1.7150484727328192e-05
17.6,-4.706992567880054e-05,-0.047069925678800535,6.394721052174179e-05,-2.5376900320167217e-05
17.650000000000002,-4.372647202349107e-05,-0.043726472023491066,7.327982197820952e-05,-2.984329336738673e-05
17.700000000000003,-3.074919857058155e-05,-0.030749198570581546,8.177276751206615e-05,-3.0834935550224675e-05
17.750000000000004,-1.1676343623656064e-05,-0.011676343623656065,8.916118167960208e-05,-2.948289892457307e-05
17.800000000000004,7.414988264449357e-06,0.0074149882644493565,9.517921949112289e-05,-2.7256006838275593e-05
17.85,7.370614758748596e-05,0.07370614758748596,9.9569139068069e-05,-2.530924776370421e-05
17.900000000000002,8.294671161683191e-05,0.08294671161683191,0.00010209121046500726,-2.392481443814443e-05
17.950000000000003,8.065098783626938e-05,0.08065098783626938,0.0001025340385210599,-2.227490901718721e-05
18.000000000000004,8.931373832045914e-05,0.08931373832045914,0.00010072483796009737,-1.864010893122785e-05
18.050000000000004,0.00013239399247923564,0.13239399247923564,9.653917196973598e-05,-1.1059495947640884e-05
18.100000000000005,0.00015199889819010148,0.15199889819010148,8.990966094433054e-05,1.7763538487399357e-06
18.150000000000002,0.00018469679444614064,0.18469679444614062,8.083318531179257e-05,1.9690340019985224e-05
18.200000000000003,0.0001950574608780478,0.1950574608780478,6.937614637337381e-05,4.055940880403696e-05
18.250000000000004,0.00019622483925303726,0.19622483925303727,5.567741353214395e-05,6.0459582581481834e-05
18.300000000000004,0.0001799940857657639,0.1799940857657639,3.9948675022929986e-05,7.447064488108203e-05
18.350000000000005,0.0001577629898472044,0.1577629898472044,2.2472019126699808e-05,7.798279362049111e-05
18.400000000000002,0.00012629644087976518,0.1262964408797652,3.594698072827638e-06,6.815664718368216e-05
18.450000000000003,8.505306256675397e-05,0.08505306256675398,-1.627883995393366e-05,4.5082508051993135e-05
18.500000000000004,4.6261374686182095e-05,0.0462613746861821,-3.669743189143408e-05,1.2213264141972732e-05
18.550000000000004,-9.414738490313106e-06,-0.009414738490313107,-5.717584904385858e-05,-2.4177571319373913e-05
18.600000000000005,-8.154731442432395e-05,-0.08154731442432395,-7.72091575383597e-05,-5.646867058087977e-05
18.650000000000002,-0.0001545829053376036,-0.1545829053376036,-9.628824129126123e-05,-7.77250375509873e-05
18.700000000000003,-0.0002437931372523392,-0.2437931372523392,-0.00011391587326981941,-8.367912917406426e-05
18.750000000000004,-0.00033907487565976776,-0.33907487565976774,-0.00012962268737784212,-7.398852309426229e-05
18.800000000000004,-0.00036760343374474654,-0.3676034337447465,-0.00014298240700380495,-5.228887864529178e-05
18.850000000000005,-0.0002269877555294881,-0.2269877555294881,-0.00015362573002303034,-2.496258374377746e-05
18.900000000000002,-9.25501019972452e-05,-0.0925501019972452,-0.0001612523511828298,9.741316976750004e-07
18.950000000000003,-0.0001258876541939172,-0.1258876541939172,-0.00016564070918814738,2.009676305976723e-05
19.000000000000004,-0.00021201021397525835,-0.21201021397525835,-0.00016665515727878782,3.007316584422858e-05
19.050000000000004,-0.00024308612058709,-0.24308612058709,-0.00016425035545451324,3.1892713152932594e-05
19.100000000000005,-0.00026082608208020296,-0.26082608208020297,-0.00015847276735558706,2.8814942154841766e-05
19.150000000000002,-0.00026571747963563953,-0.2657174796356395,-0.00014945922621726728,2.4567795023576778e-05
19.200000000000003,-0.0003031170307848262,-0.30311703078482616,-0.00013743262393577414,2.161745815594841e-05
19.250000000000004,-0.00013318417761505206,-0.13318417761505205,-0.00012269487803154294,2.024948954737848e-05
19.300000000000004,8.36794907846349e-05,0.08367949078463491,-0.00010561743766225484,1.8794377980892987e-05
19.350000000000005,-2.2945299233387856e-05,-0.022945299233387857,-8.662969009995349e-05,1.4798206072260052e-05
19.400000000000002,-6.914556367270122e-05,-0.06914556367270122,-6.620570716903739e-05,6.532881317870008e-06
19.450000000000003,-9.525891594307546e-05,-0.09525891594307545,-4.484981505158417e-05,-5.860169192854383e-06
19.500000000000004,-6.325727785128836e-05,-0.06325727785128836,-2.3081483594056118e-05,-2.0079561744280844e-05
19.550000000000004,-1.7097722514852413e-05,-0.017097722514852413,-1.4200284275587722e-06,-3.231543202486592e-05
19.600000000000005,6.18769035977888e-05,0.0618769035977888,1.9630386237098518e-05,-3.855115737077547e-05
19.650000000000002,0.00011224455878857869,0.11224455878857868,3.959496398186239e-05,-3.600624873081006e-05
19.700000000000003,0.00010505283953362499,0.10505283953362499,5.804124976335263e-05,-2.4203943887659837e-05
19.750000000000004,0.00017792363409078929,0.1779236340907893,7.459043549885649e-05,-5.311711810655073e-06
19.800000000000004,0.0001933943791180315,0.1933943791180315,8.892663056177221e-05,1.6342812394079326e-05
19.850000000000005,0.00018224760704689855,0.18224760704689855,0.00010080380732557587,3.5422049167016494e-05
19.900000000000002,0.000180030644275495,0.180030644275495,0.00011005022388292783,4.7048565952388436e-05
19.950000000000003,0.0002234808154216875,0.2234808154216875,0.00011657022790912848,4.8168918945114966e-05
20.000000000000004,0.00022369286482660128,0.22369286482660128,0.00012034345181775564,3.842211057075911e-05
20.050000000000004,0.00017839879479085154,0.17839879479085152,0.00012142151477205646,2.0261657349404914e-05
20.100000000000005,0.00013260134781327567,0.13260134781327568,0.00011992244826571595,-1.7131190096287597e-06
20.150000000000002,8.111538883881242e-05,0.08111538883881242,0.0001160231551761753,-2.203464862681456e-05
20.200000000000003,5.6352061284557383e-05,0.056352061284557387,0.00010995029108688846,-3.588804533499176e-05
20.250000000000004,2.9176762655287156e-05,0.029176762655287156,0.00010197001360190327,-4.0429054008338236e-05
20.300000000000004,6.518644939131698e-06,0.006518644939131697,9.237707520863832e-05,-3.5506765674003945e-05
20.350000000000005,-9.129185894033711e-07,-0.0009129185894033711,8.148373738677464e-05,-2.357648643724006e-05
20.400000000000002,-7.559665840535628e-06,-0.007559665840535627,6.960896098064842e-05,-8.836336921338725e-06
20.450000000000003,-9.107350954915336e-06,-0.009107350954915336,5.706828476653395e-05,4.137061016744144e-06
20.500000000000004,-1.001419118054253e-05,-0.01001419118054253,4.416474557726352e-05,1.1819938148727265e-05
20.550000000000004,-1.50538765698532e-05,-0.0150538765698532,3.118112431118789e-05,1.2783639552359332e-05
20.600000000000005,-1.967627415833491e-05,-0.019676274158334908,1.8373727301191642e-05,8.017103976623909e-06
20.650000000000002,-2.733046955580966e-05,-0.027330469555809662,5.96783568505507e-06,4.358219067862962e-07
20.700000000000003,-6.843582788787645e-05,-0.06843582788787644,-5.845120574910325e-06,-6.24317585877693e-06
20.750000000000004,-0.00010003706313721902,-0.10003706313721902,-1.690868082292591e-05,-8.863250875347467e-06
20.800000000000004,-0.00012397139496825362,-0.12397139496825361,-2.7100851339027644e-05,-5.947622087176206e-06
20.850000000000005,-2.471193636467923e-05,-0.024711936364679228,-3.633213810500731e-05,1.8134305546321229e-06
20.900000000000002,1.1650780291992126e-05,0.011650780291992126,-4.4542335857734264e-05,1.1862269187263653e-05
20.950000000000003,1.6267357752239883e-05,0.01626735775223988,-5.169635255793224e-05,2.072295014157358e-05
21.000000000000004,4.200240510074829e-06,0.00420024051007483,-5.7779389998947325e-05,2.5230738306412278e-05
21.050000000000004,-1.7671643864421564e-05,-0.017671643864421563,-6.27918189373751e-05,2.359460729515359e-05
21.100000000000005,-2.8268892036381144e-05,-0.028268892036381145,-6.674408014760064e-05,1.5940006905026013e-05
21.150000000000002,-6.76130493340354e-06,-0.00676130493340354,-6.965191691702332e-05,4.192611730686761e-06
21.200000000000003,-2.2821557496901295e-05,-0.022821557496901294,-7.153220669019649e-05,-8.598620211305346e-06
21.250000000000004,-2.7233834466424482e-05,-0.02723383446642448,-7.239961408373802e-05,-1.922667586165131e-05
21.300000000000004,-2.6574398199070637e-05,-0.026574398199070638,-7.226423585880052e-05,-2.524661178908834e-05
21.350000000000005,-2.9575360320039143e-05,-0.029575360320039143,-7.113035171223096e-05,-2.5572537524432762e-05
21.400000000000002,-2.9540750543231892e-05,-0.02954075054323189,-6.899633489152712e-05,-2.06108494248369e-05
21.450000000000003,-3.744958886852336e-05,-0.03744958886852336,-6.585571606438498e-05,-1.1953550070309025e-05
21.500000000000004,-3.2128364068155514e-05,-0.032128364068155515,-6.169933474206192e-05,-1.790638710322326e-06
21.550000000000004,-2.6122024158111636e-05,-0.026122024158111636,-5.6518456838053636e-05,7.73339052881999e-06
21.600000000000005,-4.261496960322774e-06,-0.0042614969603227745,-5.0308686483513196e-05,1.5010087905941444e-05
21.650000000000002,-1.361940668968526e-06,-0.001361940668968526,-4.3074456298733e-05,1.9180389007588866e-05
21.700000000000003,-3.114058767321725e-05,-0.03114058767321725,-3.483384344195615e-05,2.0065743183019043e-05
21.750000000000004,-4.120777941701198e-05,-0.041207779417011973,-2.562342946822728e-05,1.7922008180831852e-05
21.800000000000004,-7.147969294391806e-05,-0.07147969294391807,-1.5502902310617643e-05,1.3179973046927474e-05
21.850000000000005,-5.350822721314647e-05,-0.053508227213146464,-4.559092249820807e-06,6.3187068504895285e-06
21.900000000000002,-4.834291225003051e-05,-0.04834291225003051,7.09085574040554e-06,-2.071388836699434e-06
21.950000000000003,-3.3509703544832e-05,-0.033509703544832,1.9297442110056255e-05,-1.1100613028020537e-05
22.000000000000004,-2.9846946916034958e-05,-0.02984694691603496,3.187812909604786e-05,-1.942576466385735e-05
22.050000000000004,-2.773727098694632e-05,-0.02773727098694632,4.461817970966475e-05,-2.5301901505862935e-05
22.100000000000005,-4.2086330348458735e-05,-0.04208633034845873,5.727311972435827e-05,-2.692896941562855e-05
22.150000000000006,-2.370586126577963e-06,-0.002370586126577963,6.957285083480569e-05,-2.3034133278647186e-05
22.200000000000003,-1.1650753183502117e-05,-0.011650753183502118,8.122736620131022e-05,-1.348586589730267e-05
22.250000000000004,-7.940055053955615e-06,-0.007940055053955616,9.193393973669142e-05,3.3271382397665786e-07
22.300000000000004,8.615682704837268e-05,0.08615682704837267,0.00010138558081428007,1.5613007294484926e-05
22.350000000000005,0.00014914184736442994,0.14914184736442995,0.00010928047083775103,2.8733041886306422e-05
22.400000000000006,0.00016983366262957007,0.16983366262957006,0.00011533203313069486,3.6242721479638615e-05
22.450000000000003,0.00018001281872810756,0.18001281872810757,0.000119279240441178,3.590473444788959e-05
22.500000000000004,0.00016532169666477522,0.16532169666477523,0.00012089674162363382,2.7426944516342625e-05
22.550000000000004,0.00015585091778654795,0.15585091778654794,0.00012000439218165016,1.26208243485224e-05
22.600000000000005,0.00012810191719313417,0.12810191719313418,0.0001164757978945956,-5.076997389150096e-06
22.650000000000006,0.00012593438006664546,0.12593438006664545,0.0001102455198543722,-2.1561017309393003e-05
22.700000000000003,0.00012204599232724773,0.12204599232724773,0.00010131463708406435,-3.317675569773205e-05
22.750000000000004,0.00012108576533392488,0.12108576533392489,8.975441605930448e-05,-3.7654412496546674e-05
22.800000000000004,0.00010899339699972046,0.10899339699972045,7.570789383564986e-05,-3.459218249118608e-05
22.850000000000005,0.0001245547302659491,0.12455473026594911,5.9389243573787764e-05,-2.5388989533193437e-05
22.900000000000006,0.0001176016787221597,0.1176016787221597,4.108085879927042e-05,-1.2702653153608233e-05
22.950000000000003,3.08322232136521e-05,0.030832223213652102,2.1128165874312222e-05,3.6211721026613336e-07
23.000000000000004,3.6961137315878395e-05,0.0369611373158784,-6.774822207205287e-08,1.108433487251516e-05
23.050000000000004,3.271657704275203e-05,0.032716577042752035,-2.2059526854946172e-05,1.7756642081137036e-05
23.100000000000005,1.7387351340026664e-05,0.017387351340026662,-4.436471220329021e-05,1.99788069056992e-05
23.150000000000006,6.438018104916422e-07,0.0006438018104916422,-6.647838177914624e-05,1.8580224442989257e-05
23.200000000000003,-0.0001318498115242721,-0.13184981152427208,-8.788688296774274e-05,1.5230868648472117e-05
23.250000000000004,-0.0001445151725240669,-0.1445151725240669,-0.00010808224322135187,1.187075899773982e-05
23.300000000000004,-0.00014168513886891873,-0.14168513886891873,-0.00012657679354950065,1.0120582934737944e-05
23.350000000000005,-0.00015305819532764243,-0.15305819532764242,-0.00014291752167308117,1.082172071160065e-05
23.400000000000006,-0.00018438336799829697,-0.18438336799829697,-0.00015669967185470774,1.3801154116340265e-05
23.450000000000003,-0.0001896278674363697,-0.1896278674363697,-0.00016757912841254034,1.789220364530675e-05
23.500000000000004,-0.00022128663305361976,-0.22128663305361976,-0.0001752831544546199,2.119209426065845e-05
23.550000000000004,-0.00025191978938342687,-0.25191978938342685,-0.00017961910386350875,2.1509152711626073e-05
23.600000000000005,-0.0002618259299798872,-0.2618259299798872,-0.00018048078308303335,1.693336261810014e-05
23.650000000000006,-0.00025845859946541913,-0.2584585994654191,-0.00017785221051887974,6.437344930516161e-06
23.700000000000003,-0.00023346685787461238,-0.23346685787461238,-0.0001718086051594098,-9.622317091014831e-06
23.750000000000004,-0.00022590007042619056,-0.22590007042619056,-0.0001625145301689772,-2.926183547751179e-05
23.800000000000004,-0.0001932768185624929,-0.1932768185624929,-0.0001502192172026454,-4.902930613519308e-05
23.850000000000005,-0.00017524534838410754,-0.17524534838410755,-0.0001352491973713495,-6.46277684486663e-05
23.900000000000006,-0.00022226233651955008,-0.22226233651955007,-0.00011799846014255979,-7.191852369049891e-05
23.950000000000003,-0.00024767385614055495,-0.24767385614055495,-9.891644904169689e-05,-6.805951759971634e-05
24.000000000000004,-0.00015134508205706323,-0.15134508205706323,-7.849428273591566e-05,-5.242985286792316e-05
24.050000000000004,-4.770674035006127e-05,-0.047706740350061276,-5.724966356942475e-05,-2.7011279822080216e-05
24.100000000000005,3.14017083034808e-05,0.0314017083034808,-3.571100168187168e-05,3.944112325125236e-06
24.150000000000006,9.883001727474094e-05,0.09883001727474094,-1.4401333383641372e-05,3.488987220689904e-05
24.200000000000003,0.00013830463253212863,0.13830463253212863,6.1773647923456484e-06,6.0313642664377305e-05
24.250000000000004,0.0001487264665812229,0.14872646658122288,2.5558878656925154e-05,7.601814156954275e-05
24.300000000000004,0.00015545248195852971,0.1554524819585297,4.332593836039364e-05,7.999402307380118e-05
24.350000000000005,0.0001660375873647172,0.16603758736471722,5.91214233825777e-05,7.268083998059836e-05
24.400000000000006,0.00016336528354659495,0.16336528354659496,7.265723553796858e-05,5.6614030806683834e-05
24.450000000000003,0.0001559363840256817,0.1559363840256817,8.372059790112082e-05,3.562579602099553e-05
24.500000000000004,0.00013960597567475773,0.13960597567475774,9.217765442353092e-05,1.385724986930237e-05
24.550000000000004,0.00013140792834820026,0.13140792834820025,9.797436008187e-05,-5.160163016703589e-06
24.600000000000005,0.00016140349607372654,0.16140349607372653,0.00010113475979287414,-1.916033685054089e-05
24.650000000000006,2.2893845153660522e-05,0.02289384515366052,0.00010175685203749827,-2.7432897795457634e-05
24.700000000000003,4.7052134247338096e-05,0.0470521342473381,0.00010000631699047528,-3.073197210391753e-05
24.750000000000004,3.5404129377198945e-05,0.035404129377198945,9.610845543321197e-05,-3.0854627485334505e-05
24.800000000000004,3.371728505127392e-05,0.03371728505127392,9.03387296529835e-05,-2.9993948210180454e-05
24.850000000000005,1.9564821872271704e-05,0.019564821872271702,8.301231889646052e-05,-3.001654071642927e-05
24.900000000000006,6.340972261988159e-06,0.006340972261988159,7.447310230098867e-05,-3.184197912548966e-05
24.950000000000003,-1.673323222114971e-05,-0.01673323222114971,6.508246642284617e-05,-3.509468422869569e-05
25.000000000000004,-3.5849811195215724e-05,-0.03584981119521573,5.520830594042257e-05,-3.814549687539624e-05
25.050000000000004,-4.823891637580629e-05,-0.048238916375806296,4.521454616103513e-05,-3.8565631368137616e-05
25.100000000000005,-2.6406312532694688e-05,-0.026406312532694688,3.545146541104439e-05,-3.390103302658741e-05
25.150000000000006,-2.271233796453177e-05,-0.02271233796453177,2.6247036011258396e-05,-2.257131868039249e-05
25.200000000000003,-1.040357227701189e-05,-0.010403572277011889,1.7899437883184528e-05,-4.635504648052512e-06
25.250000000000004,8.157252572916664e-06,0.008157252572916664,1.0670833957489384e-05,1.783048324719499e-05
25.300000000000004,2.1835675447259136e-05,0.021835675447259135,4.782436595428009e-06,4.092256518869182e-05
25.350000000000005,3.997524767000659e-05,0.03997524767000659,4.1084306250998e-07,5.9698636575346225e-05
25.400000000000006,5.886076474616424e-05,0.05886076474616424,-2.3144218407090757e-06,6.942540464205082e-05
25.450000000000003,7.187997275884416e-05,0.07187997275884415,-3.312245159691867e-06,6.696932884214953e-05
25.500000000000004,6.76348795385048e-05,0.06763487953850479,-2.550250425912362e-06,5.192069018051169e-05
25.550000000000004,6.517183186088645e-05,0.06517183186088646,-4.421223733419829e-08,2.7058919055690558e-05
25.600000000000005,5.1087478909623235e-05,0.051087478909623237,4.1433437856045856e-06,-2.0793383954528486e-06
25.650000000000006,1.8703790248043524e-05,0.018703790248043525,9.905276703089585e-06,-2.8509112961756188e-05
25.700000000000003,-1.172623205269592e-05,-0.011726232052695918,1.7092641807001687e-05,-4.5671713505351214e-05
25.750000000000004,-3.344914299939474e-05,-0.03344914299939474,2.5518135038916385e-05,-4.933950031089473e-05
25.800000000000004,-1.1640577114079572e-05,-0.011640577114079571,3.496013701329633e-05,-3.894854975057513e-05
25.850000000000005,1.8298359122480018e-05,0.018298359122480016,4.516732275393496e-05,-1.7893024197660643e-05
25.900000000000006,6.579998918821409e-05,0.06579998918821409,5.586379236261286e-05,7.372850145133615e-06
25.950000000000003,0.00010674330341725254,0.10674330341725254,6.675466078416922e-05,2.9189851394649688e-05
26.000000000000004,0.00013054896690492003,0.13054896690492004,7.753202813767192e-05,4.094158677490959e-05
26.050000000000004,0.00016151051323129255,0.16151051323129256,8.788124179422565e-05,3.898633397999002e-05
26.100000000000005,0.00011541160665591632,0.11541160665591632,9.74873607095054e-05,2.3663844671823903e-05
26.150000000000006,4.5703273377404453e-05,0.04570327337740445,0.0001060417408357249,-9.192148392889024e-07
26.200000000000006,-1.6810829590851526e-06,-0.0016810829590851526,0.00011324867301381866,-2.8209194511038173e-05
26.250000000000004,6.639100067989088e-06,0.006639100067989088,0.0001188320133409878,-5.1156842831526836e-05
26.300000000000004,5.3856534244494205e-05,0.05385653424449421,0.0001225417419854138,-6.415445013621012e-05
26.350000000000005,2.9520184663391324e-05,0.029520184663391322,0.000124160366067589,-6.437950193218723e-05
26.400000000000006,8.348535051184976e-05,0.08348535051184976,0.00012350904964301984,-5.2222297742617415e-05
26.450000000000006,9.239734785579796e-05,0.09239734785579796,0.0001204533179277727,-3.080433434495401e-05
26.500000000000004,0.00010044555154305203,0.10044555154305203,0.00011490815204101451,-4.868657763730369e-06
26.550000000000004,0.0001018409751296333,0.1018409751296333,0.00010684226997863757,2.054198697251744e-05
26.600000000000005,0.00010472766834798477,0.10472766834798478,9.628138196648558e-05,4.1226634057650976e-05
26.650000000000006,0.00016513148355849967,0.16513148355849966,8.33102145666226e-05,5.4533535935648976e-05
26.700000000000006,0.0001264261052900089,0.1264261052900089,6.807311778756532e-05,5.9560927216430215e-05
26.750000000000004,0.00011822244785249219,0.11822244785249218,5.0773103263510274e-05,5.693280851336768e-05
26.800000000000004,0.00014232666180213845,0.14232666180213846,3.166920973283335e-05,4.831890787021779e-05
26.850000000000005,6.702867724465357e-05,0.06702867724465357,1.1072153205109283e-05,3.588157858504266e-05
26.900000000000006,2.708780768552669e-05,0.02708780768552669,-1.0661710346439044e-05,2.1790517758298556e-05
26.950000000000006,1.3815909627363027e-05,0.013815909627363027,-3.313800722002672e-05,7.879798356680024e-06
27.000000000000004,-1.2626268658108822e-05,-0.012626268658108822,-5.593337732369095e-05,-4.539873611706347e-06
27.050000000000004,-5.7899546852531786e-05,-0.057899546852531784,-7.860567231146779e-05,-1.4739128694525898e-05
27.100000000000005,-0.00010056566578137209,-0.10056566578137209,-0.00010070502180157596,-2.2533136450163454e-05
27.150000000000006,-0.0001462322231605076,-0.1462322231605076,-0.00012178542400064141,-2.817286617095467e-05
27.200000000000006,-0.0001914899174423778,-0.1914899174423778,-0.00014141648520307696,-3.2171318544353676e-05
27.250000000000004,-0.00020792125619158803,-0.20792125619158802,-0.00015919491653500537,-3.507198775382599e-05
27.300000000000004,-0.00021542793588340758,-0.21542793588340758,-0.0001747553981209357,-3.7191512399815764e-05
27.350000000000005,-0.00022544839550617593,-0.22544839550617593,-0.0001877804406407477,-3.840544875355322e-05
27.400000000000006,-0.00024894169507260714,-0.24894169507260713,-0.00019800890965231038,-3.806792775332344e-05
27.450000000000006,-0.0002759563683724732,-0.2759563683724732,-0.00020524292539611047,-3.5136609323842776e-05
27.500000000000004,-0.00028821487468301717,-0.28821487468301715,-0.00020935290704773211,-2.850831372399074e-05
27.550000000000004,-0.00027604746765509533,-0.27604746765509536,-0.0002102805942959946,-1.7481112239901663e-05
27.600000000000005,-0.00027134229443805927,-0.27134229443805924,-0.00020803995026256585,-2.187221924658068e-06
27.650000000000006,-0.000270244353326462,-0.270244353326462,-0.00020271592656231048,1.617400455133681e-05
27.700000000000006,-0.0002537999100806462,-0.2537999100806462,-0.00019446115035582308,3.541759789299801e-05
27.750000000000004,-0.00017078021330284892,-0.17078021330284893,-0.00018349067051973166,5.2772670180514066e-05
27.800000000000004,-0.00010990887119173422,-0.10990887119173422,-0.0001700749716058028,6.548067019037126e-05
27.850000000000005,-9.902705205263244e-05,-0.09902705205263244,-0.00015453152527912116,7.139114576100183e-05
27.900000000000006,-9.187186912819932e-05,-0.09187186912819932,-0.00013721519350609303,6.935730729649114e-05
27.950000000000006,-9.041551317903195e-05,-0.09041551317903194,-0.00011850782177451009,5.9327416695250716e-05
28.000000000000004,-9.256306388098949e-05,-0.09256306388098949,-9.880736513443331e-05,4.2169302811057664e-05
28.050000000000004,-7.5189839484241e-05,-0.07518983948424099,-7.851688053049961e-05,1.9381461800567285e-05
28.100000000000005,-6.750972429350812e-05,-0.06750972429350813,-5.803370211895407e-05,-7.127226934348701e-06
28.150000000000006,-5.2575126741776705e-05,-0.0525751267417767,-3.773909607732571e-05,-3.5083119458564415e-05
28.200000000000006,-3.6938392468077674e-05,-0.036938392468077674,-1.7988669283152314e-05,-6.175472870938157e-05
28.250000000000004,-6.917554864081109e-06,-0.006917554864081109,8.962178381216726e-07,-8.388950580962431e-05
28.300000000000004,1.1359708340934176e-05,0.011359708340934176,1.8635810523112982e-05,-9.789609464484407e-05
28.350000000000005,2.7828506753624867e-05,0.027828506753624867,3.49978968777898e-05,-0.00010040966117790918
28.400000000000006,3.138780431684922e-05,0.03138780431684922,4.980216272230962e-05,-8.919433359902233e-05
28.450000000000006,1.973400130297825e-05,0.01973400130297825,6.29228416414275e-05,-6.412403022532173e-05
28.500000000000004,3.184359034654843e-05,0.031843590346548434,7.428957892536768e-05,-2.7845388876106435e-05
28.550000000000004,0.00011639768429202656,0.11639768429202656,8.388647027524099e-05,1.4250332466483483e-05
28.600000000000005,0.0002526416873293036,0.25264168732930364,9.174927807660667e-05,5.49153919463956e-05
28.650000000000006,0.0002597312799237391,0.2597312799237391,9.796087215488926e-05,8.664502161434953e-05
28.700000000000006,0.00025138980194321743,0.2513898019432174,0.00010264499523364115,0.00010354197924298728
28.750000000000004,0.00023964145144569042,0.2396414514456904,0.00010595852260319262,0.00010285934440814275
28.800000000000004,0.0001718607362307813,0.1718607362307813,0.00010808247001600984,8.57185108134338e-05
28.850000000000005,0.00010389405192728852,0.10389405192728852,0.00010921209339490104,5.6772670325183495e-05
28.900000000000006,3.511634986050005e-05,0.03511634986050005,0.00010954650401935244,2.2934822368109334e-05
28.950000000000006,3.3167435901631185e-06,0.0033167435901631185,0.00010927828003775776,-8.422777760305488e-06
29.000000000000004,6.035025233209753e-05,0.06035025233209753,0.00010858357993194998,-3.1263562428935e-05
29.050000000000004,2.684038160760024e-05,0.02684038160760024,0.00010761325236390474,-4.2200728126098067e-05
29.100000000000005,-1.912279042933538e-05,-0.019122790429335377,0.00010648539326719777,-4.10491083640531e-05
29.150000000000006,-2.5711476125877035e-05,-0.025711476125877035,0.00010527973321059407,-3.056985322863299e-05
29.200000000000006,-1.1101721597685573e-05,-0.011101721597685573,0.00010403415282299117,-1.555944967298711e-05
29.250000000000004,-3.3585109274096193e-06,-0.0033585109274096195,0.00010274352450402142,-1.5521224977339258e-06
29.300000000000004,2.693925640220256e-05,0.02693925640220256,0.00010136096730669521,6.556092411751506e-06
29.350000000000005,2.233159690892137e-05,0.02233159690892137,9.980148434765927e-05,5.673823049903498e-06
29.400000000000006,4.418390808630885e-05,0.04418390808630885,9.794783605706885e-05,-4.755091373185054e-06
29.450000000000006,3.79246416743226e-05,0.0379246416743226,9.565839475223509e-05,-2.2595138581368704e-05
29.500000000000004,4.400121458513789e-05,0.044001214585137886,9.277663077264971e-05,-4.3469066596155145e-05
29.550000000000004,4.263900672210235e-05,0.04263900672210235,8.914180020368301e-05,-6.173210400039781e-05
29.600000000000005,4.740586995057393e-05,0.04740586995057393,8.460034048602446e-05,-7.177854873035147e-05
29.650000000000006,5.0571688911189536e-05,0.05057168891118954,7.90174340347349e-05,-6.940372909499798e-05
29.700000000000006,8.498350013118252e-05,0.08498350013118251,7.22881725016252e-05,-5.290863422271348e-05
29.750000000000004,9.305221822049922e-05,0.09305221822049922,6.434774700390879e-05,-2.366900880789919e-05
29.800000000000004,0.0001386642365426004,0.1386642365426004,5.518010455624296e-05,1.3998811058378834e-05
29.850000000000005,0.00020347470779804626,0.20347470779804624,4.48245505307071e-05,5.367439425941134e-05
29.900000000000006,0.000253947923757727,0.253947923757727,3.3379843740024876e-05,8.818636348320764e-05
29.950000000000006,0.00024747744565164153,0.24747744565164154,2.1005426991922207e-05,0.0001111522140699053
30.000000000000007,0.00021357826773934067,0.2135782677393407,7.919562739155648e-06,0.00011832210739447809
30.050000000000004,0.00016839816440075378,0.16839816440075378,-5.605702139635372e-06,0.00010840461449191207
30.100000000000005,0.00011292442451454242,0.11292442451454242,-1.9252645448203902e-05,8.320529589373203e-05
30.150000000000006,7.142101065824067e-05,0.07142101065824066,-3.26687782598253e-05,4.70989450680261e-05
30.200000000000006,-1.6533694456041256e-06,-0.0016533694456041257,-4.548011143574928e-05,6.020634096009451e-06
30.250000000000007,-0.00010173628343964592,-0.10173628343964591,-5.7306193796809055e-05,-3.374482431563766e-05
30.300000000000004,-0.0001621282024982794,-0.1621282024982794,-6.777622246965172e-05,-6.668567659917712e-05
30.350000000000005,-0.000203331674941895,-0.203331674941895,-7.654545174172063e-05,-8.88736023621389e-05
30.400000000000006,-0.00023552510409834373,-0.23552510409834373,-8.331109744244893e-05,-9.834889690303027e-05
30.450000000000006,-0.00026960874831477723,-0.2696087483147772,-8.78269516220044e-05,-9.509062051216471e-05
30.500000000000007,-0.00027449065052108937,-0.2744906505210894,-8.991598438434099e-05,-8.067918874363642e-05
30.550000000000004,-0.0002776102407899257,-0.27761024078992574,-8.948030993347497e-05,-5.780582412766869e-05
30.600000000000005,-0.0002522493088224532,-0.2522493088224532,-8.650802476496862e-05,-2.977551753283054e-05
30.650000000000006,-0.00018643754355370844,-0.18643754355370842,-8.107657940188001e-05,-1.0183627603073576e-07
30.700000000000006,-0.00014269459336935448,-0.14269459336935447,-7.335251180186106e-05,2.777408515162966e-05
30.750000000000007,-0.00010957225745536337,-0.10957225745536336,-6.358753976985865e-05,5.06699897413696e-05
30.800000000000004,-7.81978375275419e-05,-0.0781978375275419,-5.211117044915736e-05,6.582521171140626e-05
30.850000000000005,-4.8217649624315064e-05,-0.048217649624315066,-3.9320128577382624e-05,7.11183117948896e-05
30.900000000000006,-2.5523322405822274e-05,-0.025523322405822273,-2.5665026984104474e-05,6.538484360668736e-05
30.950000000000006,1.598756468974786e-06,0.0015987564689747859,-1.1634801299810271e-05,4.880923162833923e-05
31.000000000000007,1.5477908017188814e-05,0.015477908017188815,2.260494123446236e-06,2.327727833282391e-05
31.050000000000004,3.1073237409028037e-05,0.031073237409028037,1.5507880428622374e-05,-7.490342986064715e-06
31.100000000000005,4.231685740647021e-05,0.04231685740647021,2.7609961332261042e-05,-3.820788668556928e-05
31.150000000000006,6.204106470752914e-05,0.06204106470752914,3.8103059363889046e-05,-6.280104614552781e-05
31.200000000000006,8.556431221282261e-05,0.08556431221282261,4.6574312180509475e-05,-7.563523806003734e-05
31.250000000000007,9.341667745637644e-05,0.09341667745637644,5.267709449816868e-05,-7.294930334529812e-05
31.300000000000004,0.00011669639105056816,0.11669639105056816,5.614418519959358e-05,-5.4094535046268454e-05
31.350000000000005,0.00010835296375266613,0.10835296375266613,5.679817202540709e-05,-2.2136798505278913e-05
31.400000000000006,0.00013856072434393875,0.13856072434393876,5.455867675951821e-05,1.650390145765785e-05
31.450000000000006,0.00016670057243976796,0.16670057243976796,4.9446089939002e-05,5.3433305890408396e-05
31.500000000000007,0.0001907270627062756,0.1907270627062756,4.1581623564015534e-05,8.03903527389532e-05
31.550000000000004,0.0002674313459213072,0.26743134592130724,3.1183621477095476e-05,9.148524877012503e-05
31.600000000000005,0.000251081453705491,0.251081453705491,1.856020948896828e-05,8.484359139941105e-05
31.650000000000006,0.00012594902036027947,0.12594902036027947,4.098520363407954e-06,6.306723886216302e-05
31.700000000000006,-9.33943270680101e-06,-0.00933943270680101,-1.1749111284688308e-05,3.230660821196204e-05
31.750000000000007,-8.780897740385772e-05,-0.08780897740385772,-2.8481433200977112e-05,2.4183469501930994e-07
31.800000000000004,-0.00015601620869644208,-0.1560162086964421,-4.5566354369465735e-05,-2.631241832855539e-05
31.850000000000005,-0.0002119826531851359,-0.2119826531851359,-6.246004205708384e-05,-4.331786352638482e-05
31.900000000000006,-0.00023791993069352887,-0.23791993069352887,-7.862622037658348e-05,-5.027765519739718e-05
31.950000000000006,-0.00020637752537534294,-0.20637752537534293,-9.35548650397177e-05,-4.9659609003798203e-05
32.00000000000001,-0.00018910617472401372,-0.18910617472401373,-0.00010677954419535743,-4.531853509127229e-05
32.050000000000004,-0.00018426568331293282,-0.18426568331293283,-0.00011789274350794354,-4.064070164073042e-05
32.10000000000001,-0.00023664749590217023,-0.2366474959021702,-0.000126558622981901,-3.719957665709223e-05
32.150000000000006,-0.0003178525276376452,-0.3178525276376452,-0.0001325227735986698,-3.443817757652106e-05
32.2,-0.00035529593753795053,-0.3552959375379505,-0.000135618669459247,-3.0407819340326362e-05
32.25000000000001,-0.0003068777863188957,-0.3068777863188957,-0.00013577064777682855,-2.3120754185073695e-05
32.300000000000004,-0.00019488044956128078,-0.19488044956128078,-0.00013299339788241986,-1.1830230393737658e-05
32.35000000000001,-0.0001198788311679107,-0.11987883116791069,-0.00012738809834383078,2.364314881240778e-06
32.400000000000006,-9.497355048894619e-05,-0.09497355048894619,-0.00011913549569491494,1.6837840869538246e-05
32.45,-5.626857414809025e-05,-0.05626857414809025,-0.00010848635161327417,2.8499404368175032e-05
32.50000000000001,-4.1983218367473234e-05,-0.041983218367473235,-9.574978460576204e-05,3.508256479387123e-05
32.550000000000004,-1.294102792890486e-05,-0.01294102792890486,-8.128009393889907e-05,3.608026361779183e-05
32.60000000000001,1.0843611208900582e-05,0.010843611208900582,-6.546268139102885e-05,3.291488807693133e-05
32.650000000000006,3.4286984770903444e-05,0.034286984770903445,-4.869968576956337e-05,2.8273382410959315e-05
32.7,6.945196863436774e-05,0.06945196863436774,-3.139592010679492e-05,2.4892017936930527e-05
32.75000000000001,8.565944523219733e-05,0.08565944523219733,-1.3945654792896302e-05,2.4304738955806342e-05
32.800000000000004,0.00010577139345246409,0.10577139345246409,3.2792760590358674e-06,2.608770072813342e-05
32.85000000000001,0.00010840059052601727,0.10840059052601726,1.9939650391151533e-05,2.7938036535827013e-05
32.900000000000006,0.00015001513825317522,0.15001513825317522,3.573701744448206e-05,2.659358972939291e-05
32.95,0.00014026810741945075,0.14026810741945075,5.041964676985671e-05,1.9258744012167157e-05
33.00000000000001,0.00013929615726244486,0.13929615726244488,6.378618292654327e-05,4.981052720928872e-06
33.050000000000004,0.00011252890373286898,0.11252890373286897,7.568703183096256e-05,-1.4586657226850375e-05
33.10000000000001,8.033744353010525e-05,0.08033744353010525,8.60236103993625e-05,-3.539181795761367e-05
33.150000000000006,4.31303685147833e-05,0.0431303685147833,9.474568637555007e-05,-5.214785224431294e-05
33.2,-4.405649640254216e-07,-0.0004405649640254216,0.00010184711326201126,-6.007837180073778e-05
33.25000000000001,-2.3933383928628983e-05,-0.023933383928628982,0.00010736031998595555,-5.661532233945838e-05
33.300000000000004,3.4565783138618565e-06,0.0034565783138618567,0.00011134994219873146,-4.241521750034249e-05
33.35000000000001,5.4690928846218344e-05,0.054690928846218345,0.000113905980988132,-2.1291012016304967e-05
33.400000000000006,9.234743588370869e-05,0.09234743588370868,0.00011513684886261711,9.482857777458128e-07
33.45,9.06540826279648e-05,0.0906540826279648,0.00011516262035048502,1.8354039157351516e-05
33.50000000000001,8.114564046559356e-05,0.08114564046559355,0.00011410875544024702,2.6738818538166498e-05
33.550000000000004,6.73501339350978e-05,0.06735013393509781,0.0001121005154650213,2.496068814581771e-05
33.60000000000001,4.768468595498316e-05,0.04768468595498316,0.00010925824445001525,1.5163226578478107e-05
33.650000000000006,4.9564700064784925e-05,0.049564700064784924,0.00010569364196521606,1.9221679173593516e-06
33.7,5.375100897949386e-05,0.05375100897949386,0.00010150710340970811,-9.371564051195535e-06
33.75000000000001,3.597015604031045e-05,0.03597015604031045,9.678614983566318e-05,-1.4317738234484326e-05
33.800000000000004,3.605289209287612e-05,0.03605289209287612,9.160491373455374e-05,-1.0892842073774808e-05
33.85000000000001,7.680239055265958e-05,0.07680239055265958,8.602459262878066e-05,1.6758214072943757e-08
33.900000000000006,0.00013466935182610752,0.1346693518261075,8.009473194117462e-05,1.5054042004115438e-05
33.95,0.00014644918455793815,0.14644918455793815,7.385515629176058e-05,2.958746311387504e-05
34.00000000000001,0.00013578023438158224,0.13578023438158224,6.73383394815193e-05,3.9212062228712516e-05
34.050000000000004,0.00012753381853828052,0.12753381853828052,6.0571993066094235e-05,4.104486404130376e-05
34.10000000000001,0.00012325898509823362,0.12325898509823362,5.358166282108858e-05,3.4429179489012444e-05
34.150000000000006,0.00010004956089921662,0.10004956089921661,4.6393147889559785e-05,2.090636829502896e-05
34.2,6.430961872149003e-05,0.06430961872149003,3.9034593152142264e-05,3.5727453925695526e-06
34.25000000000001,2.440359933113659e-05,0.02440359933113659,3.153814612868173e-05,-1.3881826440728879e-05
34.300000000000004,4.04371025222458e-05,0.0404371025222458,2.3941111103024973e-05,-2.8111408696417796e-05
34.35000000000001,2.6942190451808462e-05,0.026942190451808463,1.6286571230635455e-05,-3.676901533134416e-05
34.400000000000006,5.482170457172873e-06,0.005482170457172873,8.62348176080065e-06,-3.8780110000565044e-05
34.45,-9.43633428141242e-06,-0.00943633428141242,1.0062642801636476e-06,-3.4292198030233646e-05
34.50000000000001,-1.6681480579794918e-05,-0.01668148057979492,-6.506045704034895e-06,-2.4445877117982473e-05
34.550000000000004,-3.6416947788914184e-05,-0.03641694778891418,-1.3851027188201411e-05,-1.110725158453029e-05
34.60000000000001,-3.918427072402748e-05,-0.039184270724027484,-2.096439397145294e-05,3.372951096971458e-06
34.650000000000006,-3.6257999468053196e-05,-0.0362579994680532,-2.7781714638583753e-05,1.6397391927211506e-05
34.7,-4.787174046776425e-05,-0.04787174046776425,-3.424023712986205e-05,2.5429283445238187e-05
34.75000000000001,-5.1276327362859234e-05,-0.05127632736285923,-4.028072413136191e-05,2.841801876318567e-05
34.800000000000004,-3.571231262910595e-05,-0.03571231262910595,-4.5849209928857874e-05,2.4308279357402304e-05
34.85000000000001,-5.890518586604616e-05,-0.05890518586604616,-5.089859586826437e-05,1.3495681972977561e-05
34.900000000000006,-5.217063467557414e-05,-0.05217063467557414,-5.539000945798001e-05,-1.9691494249386235e-06
34.95,-7.54698202188113e-05,-0.07546982021881131,-5.92938609981369e-05,-1.8601193568039097e-05
35.00000000000001,-0.0001349202342283268,-0.1349202342283268,-6.259054160810354e-05,-3.21798404857709e-05
35.050000000000004,-0.00016038101530743275,-0.16038101530743276,-6.527071899786373e-05,-3.880300538654173e-05
35.10000000000001,-0.00012618306624497729,-0.1261830662449773,-6.733520491412545e-05,-3.601214901403045e-05
35.150000000000006,-0.00012083916715751268,-0.12083916715751268,-6.879439349287361e-05,-2.363168156506452e-05
35.2,-4.2544464926783566e-05,-0.042544464926783564,-6.966730249434978e-05,-4.0236424901103486e-06
35.25000000000001,-1.7405805948909163e-05,-0.017405805948909163,-6.998028450842092e-05,1.8370362323609312e-05
35.300000000000004,-2.582303085502099e-05,-0.02582303085502099,-6.976550447133788e-05,3.8106959659513196e-05
35.35000000000001,-3.328414759357932e-05,-0.03328414759357932,-6.905929601834054e-05,5.015419481996808e-05
35.400000000000006,-1.4932221387679777e-05,-0.014932221387679776,-6.790050970698773e-05,5.1254367007230685e-05
35.45,-3.67466542175312e-05,-0.0367466542175312,-6.632895362954948e-05,4.086129875583792e-05
35.50000000000001,-4.149309971531032e-05,-0.041493099715310316,-6.438400655454201e-05,2.1386289812574507e-05
35.550000000000004,-4.635164660254115e-05,-0.046351646602541145,-6.210345991915925e-05,-2.3374764032059553e-06
35.60000000000001,-3.82450009790149e-05,-0.0382450009790149,-5.952262062732933e-05,-2.426175671282412e-05
35.650000000000006,-8.868008452868651e-05,-0.08868008452868652,-5.6673683776488804e-05,-3.870921522575726e-05
35.7,-0.00010173906819532978,-0.10173906819532978,-5.358536477575581e-05,-4.192647317015448e-05
35.75000000000001,-0.00010717554666344206,-0.10717554666344206,-5.028276551108866e-05,-3.317104309401913e-05
35.800000000000004,-9.602240791960961e-05,-0.09602240791960961,-4.678744144178972e-05,-1.4997945545938847e-05
35.85000000000001,-4.8123204400959544e-05,-0.048123204400959546,-4.311763724712437e-05,7.378268117129462e-06
35.900000000000006,-1.0817187830873596e-05,-0.010817187830873596,-3.9288666475656816e-05,2.749965541085046e-05
35.95,1.9128802303869683e-05,0.019128802303869683,-3.5313420821154466e-05,3.9465017495963245e-05
36.00000000000001,3.821484087175742e-05,0.03821484087175742,-3.120300095196582e-05,3.958438148744486e-05
36.050000000000004,2.5993257047162484e-06,0.0025993257047162485,-2.6967458496350042e-05,2.7392372006615675e-05
36.10000000000001,-3.907142181701744e-05,-0.039071421817017435,-2.2616626858240336e-05,5.7259011068315205e-06
36.150000000000006,-6.153771668007305e-05,-0.06153771668007305,-1.816100064536998e-05,-2.0128548569246985e-05
36.20000000000001,-7.083685786713036e-05,-0.07083685786713036,-1.3612606680449612e-05,-4.392192686897246e-05
36.25000000000001,-7.008213234849525e-05,-0.07008213234849525,-8.98580108184338e-06,-6.0089682306335875e-05
36.300000000000004,-4.64870404843608e-05,-0.0464870404843608,-4.297930597739198e-06,-6.507547519685655e-05
36.35000000000001,-4.555115207092022e-05,-0.04555115207092022,4.301886423122822e-07,-5.799633148159392e-05
36.400000000000006,-3.618270072020295e-05,-0.03618270072020295,5.1739996440691966e-06,-4.055192339966829e-05
36.45000000000001,1.2420451260581699e-05,0.0124204512605817,9.905140438106329e-06,-1.6317407625831784e-05
36.50000000000001,4.1952213932040425e-05,0.041952213932040426,1.4591564268175851e-05,1.028288693505504e-05
36.550000000000004,6.79004389861584e-05,0.0679004389861584,1.91978023781455e-05,3.4985099391986684e-05
36.60000000000001,8.479153378555164e-05,0.08479153378555164,2.3685316835586617e-05,5.441951291826364e-05
36.650000000000006,8.354489264360759e-05,0.0835448926436076,2.801289039016744e-05,6.645769950747559e-05
36.70000000000001,8.342815374449188e-05,0.08342815374449189,3.213701083993716e-05,7.021867348871622e-05
36.75000000000001,6.312990923762396e-05,0.06312990923762396,3.601222653517932e-05,6.588100459640125e-05
36.800000000000004,6.399493597672378e-05,0.06399493597672377,3.9591473470052384e-05,5.4460215232021107e-05
36.85000000000001,5.9633420488244236e-05,0.059633420488244236,4.2826398462071585e-05,3.764167413252444e-05
36.900000000000006,6.89712733334206e-05,0.0689712733334206,4.5667723539400616e-05,1.7654327878344254e-05
36.95000000000001,3.886194992753275e-05,0.03886194992753275,4.80657117826242e-05,-2.9071417678531816e-06
37.00000000000001,2.3721244914570834e-05,0.023721244914570835,4.997080391226168e-05,-2.1405587951018983e-05
37.050000000000004,-2.0960460351931982e-05,-0.020960460351931984,5.133449750204761e-05,-3.564085848505276e-05
37.10000000000001,-4.447962722656162e-05,-0.044479627226561624,5.211053538022511e-05,-4.4369988583326645e-05
37.150000000000006,-7.85853566123008e-05,-0.0785853566123008,5.2256454078195064e-05,-4.765651556840202e-05
37.20000000000001,-4.2812182176375896e-05,-0.0428121821763759,5.173551497964959e-05,-4.683866882291088e-05
37.25000000000001,-4.332147287563271e-06,-0.004332147287563271,5.051900015881876e-05,-4.4028147614535334e-05
37.300000000000004,3.507156357107323e-05,0.03507156357107323,4.8588805495622727e-05,-4.12530271149052e-05
37.35000000000001,2.4634490360415662e-05,0.02463449036041566,4.594021307337264e-05,-3.954834940493666e-05
37.400000000000006,1.9844189701326813e-05,0.019844189701326814,4.2584681960983247e-05,-3.8376898491044776e-05
37.45000000000001,1.3683277885189744e-05,0.013683277885189743,3.855246718894041e-05,-3.567651240716324e-05
37.50000000000001,2.808625233109858e-05,0.02808625233109858,3.3894861815859126e-05,-2.8601495791923822e-05
37.550000000000004,3.334102687689712e-05,0.03334102687689712,2.8685853948018394e-05,-1.4744165222445693e-05
37.60000000000001,3.7559166995095036e-05,0.03755916699509504,2.3022997292287334e-05,6.595785424951979e-06
37.650000000000006,6.19858480393294e-05,0.061985848039329404,1.7027310219126562e-05,3.358905892617496e-05
37.70000000000001,0.00012031781622885896,0.12031781622885897,1.0842045533070983e-05,6.187059875091445e-05
37.75000000000001,0.0001667802109237472,0.1667802109237472,4.6302126392257105e-06,8.544335697824673e-05
37.800000000000004,0.00016399181825955118,0.16399181825955117,-1.429212455754828e-06,9.826126368502825e-05
37.85000000000001,0.0001349311116897218,0.1349311116897218,-7.146383754728433e-06,9.600895638089986e-05
37.900000000000006,8.448637476140266e-05,0.08448637476140267,-1.2326896957374728e-05,7.751185439794992e-05
37.95000000000001,4.136101906092489e-05,0.04136101906092489,-1.6779128816363344e-05,4.532156104994916e-05
38.00000000000001,-2.054331694613115e-05,-0.02054331694613115,-2.0322321953648714e-05,5.281151562370373e-06
38.050000000000004,-7.533156729164762e-05,-0.07533156729164762,-2.2795051391076373e-05,-3.481327111365344e-05
38.10000000000001,-9.246024935643798e-05,-0.09246024935643798,-2.406365064044533e-05,-6.707765618716231e-05
38.150000000000006,-0.0001275856936989378,-0.1275856936989378,-2.4030146037858268e-05,-8.542002301406927e-05
38.20000000000001,-0.00013533120120446374,-0.13533120120446374,-2.263925032590911e-05,-8.694254450374851e-05
38.25000000000001,-0.00016515241200686925,-0.16515241200686925,-1.9883998961763305e-05,-7.252419882442361e-05
38.300000000000004,-0.00011884961438491789,-0.11884961438491788,-1.5809671517426484e-05,-4.647226803503209e-05
38.35000000000001,-7.617214157612562e-05,-0.07617214157612562,-1.0515720889938491e-05,-1.5372655382310235e-05
38.400000000000006,-5.117815466141454e-05,-0.05117815466141454,-4.1555285711270785e-06,1.3539025741142786e-05
38.45000000000001,-3.561239623662246e-05,-0.03561239623662246,3.0660932371155405e-06,3.4066383695592614e-05
38.50000000000001,-1.777742684892874e-05,-0.017777426848928742,1.0897630970309774e-05,4.2397890573732565e-05
38.550000000000004,-2.0868118343576594e-05,-0.020868118343576596,1.9047715642380577e-05,3.782081218984244e-05
38.60000000000001,-1.0515004737282407e-05,-0.010515004737282407,2.7193887302430886e-05,2.2687610532633013e-05
38.650000000000006,-5.059232490083578e-06,-0.005059232490083578,3.499300648080749e-05,1.6979610137242407e-06
38.70000000000001,-5.907830852555387e-06,-0.005907830852555387,4.209297676103441e-05,-1.9298085714011386e-05
38.75000000000001,-7.723946805153939e-07,-0.0007723946805153939,4.814538731257059e-05,-3.4688429735266215e-05
38.800000000000004,8.151007410602314e-06,0.008151007410602314,5.281863855876041e-05,-4.0374915591560986e-05
38.85000000000001,3.942076980724964e-05,0.03942076980724964,5.581107921168806e-05,-3.4674193796364746e-05
38.900000000000006,6.4194020310551e-05,0.064194020310551,5.6863660289233745e-05,-1.8665432847015915e-05
38.95000000000001,9.412127761324591e-05,0.09412127761324592,5.5771603953895825e-05,4.080437763718691e-06
39.00000000000001,0.00012940647734703594,0.12940647734703595,5.2394595409455857e-05,2.833179601880501e-05
39.050000000000004,0.0001474391896523067,0.1474391896523067,4.666503787518092e-05,4.841369881923675e-05
39.10000000000001,0.0001541201982239827,0.15412019822398268,3.8593965811492245e-05,5.954889004063391e-05
39.150000000000006,0.00013927056634062244,0.13927056634062243,2.827429011431686e-05,5.9017836606004295e-05
39.20000000000001,0.00014411472723403952,0.1441147272340395,1.5881148528848515e-05,4.68536968414515e-05
39.25000000000001,0.00010907113935626387,0.10907113935626388,1.669250264344757e-06,2.5877291654935818e-05
39.300000000000004,6.232409853007548e-05,0.06232409853007548,-1.4032770613299867e-05,1.026177987493762e-06
39.35000000000001,-1.7493541143037136e-05,-0.017493541143037136,-3.0830849943423735e-05,-2.1886548955358662e-05
39.400000000000006,-5.903669035858221e-05,-0.059036690358582215,-4.827656960820763e-05,-3.767970222254931e-05
39.45000000000001,-8.325720634201806e-05,-0.08325720634201807,-6.588043784466062e-05,-4.317324476923359e-05
39.50000000000001,-0.0001026918829757601,-0.10269188297576011,-8.312690708582615e-05,-3.802637151051658e-05
39.550000000000004,-0.00014471600453826156,-0.14471600453826156,-9.94905983654716e-05,-2.4785427778852814e-05
39.60000000000001,-0.00015077641039011862,-0.15077641039011863,-0.00011445316194618066,-8.10635263295529e-06
39.650000000000006,-0.00015548716992893686,-0.15548716992893685,-0.00012752018704188925,6.636185929855553e-06
39.70000000000001,-0.00017810802996667143,-0.17810802996667144,-0.0001382375770362861,1.4946500400310622e-05
39.75000000000001,-0.0001739184087470213,-0.1739184087470213,-0.00014620682849980347,1.4529380959806736e-05
39.800000000000004,-0.00019027109244567836,-0.19027109244567836,-0.0001510986904370339,5.925521471880073e-06
39.85000000000001,-0.00021090405059241108,-0.21090405059241107,-0.00015266473254429551,-7.739818485390502e-06
39.900000000000006,-0.0002499481123778307,-0.24994811237783068,-0.0001507464165367622,-2.1811217077557313e-05
39.95000000000001,-0.00027752882679551587,-0.2775288267955159,-0.00014528134250791998,-3.160980831113636e-05
40.00000000000001,-0.0002854956360560243,-0.2854956360560243,-0.00013630643349975483,-3.388737697640679e-05
40.050000000000004,-0.00023337518543300236,-0.23337518543300237,-0.00012395792681395718,-2.774451733885542e-05
40.10000000000001,-0.00017448761394460246,-0.17448761394460247,-0.0001084681588386235,-1.4727418782049477e-05
40.150000000000006,-9.694969547038396e-05,-0.09694969547038396,-9.015925574492562e-05,1.8785449534221653e-06
40.20000000000001,-8.18941446086477e-05,-0.0818941446086477,-6.943396541635538e-05,1.824899933165991e-05
40.25000000000001,-3.615064684085227e-05,-0.03615064684085227,-4.6763975284440284e-05,3.124236734339014e-05
40.300000000000004,1.5424510521137832e-05,0.015424510521137833,-2.2676148419303687e-05,3.9198720523697604e-05
40.35000000000001,4.04457168553468e-05,0.0404457168553468,2.262826474649636e-06,4.2069914785062906e-05
40.400000000000006,6.613092176848347e-05,0.06613092176848348,2.7462835848257797e-05,4.091759599360622e-05
40.45000000000001,9.771796487570218e-05,0.09771796487570218,5.2327240015944107e-05,3.706594511201223e-05
40.50000000000001,0.00013303467294579417,0.13303467294579416,7.62697197994487e-05,3.1316999672092416e-05
40.550000000000004,0.00017228748236633503,0.17228748236633504,9.873054236487464e-05,2.3584839520465085e-05
40.60000000000001,0.00019203013879085494,0.19203013879085493,0.00011919175515937697,1.3107047475254148e-05
40.650000000000006,0.0002021267460004514,0.20212674600045138,0.0001371908696255682,-8.680250591465837e-07
40.70000000000001,0.0001935890718676222,0.1935890718676222,0.00015233266288148533,-1.823420973426405e-05
40.75000000000001,0.00019390564814813756,0.19390564814813757,0.0001642988030036346,-3.74195444876616e-05
40.800000000000004,0.00019441666684568562,0.19441666684568562,0.0001728550874234805,-5.533515225886216e-05
40.85000000000001,0.00016670064719565786,0.16670064719565786,0.00017785616909970627,-6.798569942480213e-05
40.900000000000006,8.397310817275693e-05,0.08397310817275692,0.000179247727077736,-7.158296239974092e-05
40.95000000000001,0.00011746681057051453,0.11746681057051453,0.00017706611291651227,-6.379250544450246e-05
41.00000000000001,0.00016252796332893367,0.16252796332893368,0.00017143556829909049,-4.466862936227728e-05
41.050000000000004,0.00017306650351287447,0.17306650351287448,0.00016256315947627453,-1.692763706966976e-05
41.10000000000001,0.0001832261381074204,0.1832261381074204,0.0001507316132836441,1.4563246786658857e-05
41.150000000000006,0.00017432380016437258,0.17432380016437257,0.0001362902740413711,4.393644135124596e-05
41.20000000000001,0.0001623508732188348,0.1623508732188348,0.00011964443674141501,6.576340056394852e-05
41.25000000000001,0.00014108959184683107,0.14108959184683106,0.00010124335084878218,7.635504295564852e-05
41.300000000000004,9.770153394222468e-05,0.09770153394222468,8.156722809860245e-05,7.455945498079172e-05
41.35000000000001,7.400942433547445e-05,0.07400942433547444,6.111362282160799e-05,6.186273949688747e-05
41.400000000000006,3.616749773484036e-05,0.036167497734840355,4.038358057808398e-05,4.181098541936955e-05
41.45000000000001,-1.1651048449855214e-05,-0.011651048449855214,1.986796670663195e-05,1.8959230475107328e-05
41.50000000000001,-5.139512498833523e-05,-0.05139512498833523,3.4388163827706606e-08,-2.333083429201894e-06
41.550000000000004,-8.223769735552766e-05,-0.08223769735552766,-1.868489193478824e-05,-1.8924141687579963e-05
41.60000000000001,-0.00011424257010705977,-0.11424257010705977,-3.590367829829881e-05,-2.946883796096901e-05
41.650000000000006,-0.00012215018162343096,-0.12215018162343097,-5.129088445753929e-05,-3.4434775242239926e-05
41.70000000000001,-0.00013441909339635618,-0.1344190933963562,-6.45776315570735e-05,-3.559884232735374e-05
41.75000000000001,-0.00014705195993760514,-0.14705195993760514,-7.556221982479799e-05,-3.521074469636672e-05
41.800000000000004,-0.00014839792794221423,-0.14839792794221424,-8.411286930292436e-05,-3.509474595336772e-05
41.85000000000001,-0.00013138564779873152,-0.13138564779873152,-9.016821140614031e-05,-3.5967670245264444e-05
41.900000000000006,-0.00011197201995289484,-0.11197201995289484,-9.373559718221661e-05,-3.7180255648515296e-05
41.95000000000001,-0.00010080742007218592,-0.10080742007218592,-9.488736790154148e-05,-3.695963439437391e-05
42.00000000000001,-0.00012189957281565895,-0.12189957281565895,-9.375530470817616e-05,-3.30768368875145e-05
42.050000000000004,-0.00011553740029348457,-0.11553740029348457,-9.052353314538776e-05,-2.3727448653613737e-05
42.10000000000001,-8.6668851557568e-05,-0.086668851557568,-8.542020418684752e-05,-8.339204411423155e-06
42.150000000000006,-3.321022221373854e-05,-0.03321022221373854,-7.870830666583257e-05,1.19629949748772e-05
42.20000000000001,2.3271771621854217e-06,0.002327177162185422,-7.067598693631506e-05,3.439687405496722e-05
42.25000000000001,4.7143649783420245e-05,0.04714364978342025,-6.162675793570097e-05,5.506820556937425e-05
42.300000000000004,5.6467917532561674e-05,0.056467917532561675,-5.186996764491791e-05,6.986603185782019e-05
42.35000000000001,6.12458189665349e-05,0.0612458189665349,-4.171186374757304e-05,7.545445579174265e-05
42.400000000000006,5.545852838221897e-05,0.05545852838221897,-3.144753817838493e-05,7.009635776329975e-05
42.45000000000001,5.564273114482825e-05,0.05564273114482825,-2.135396696281153e-05,5.411048315756197e-05
42.50000000000001,8.503170274517788e-06,0.008503170274517788,-1.1684284120937796e-05,2.9872980267244447e-05
42.550000000000004,-1.2451566996430763e-05,-0.012451566996430763,-2.6633506304703757e-06,1.3869130653109268e-06
42.60000000000001,-5.1772620728068734e-06,-0.0051772620728068736,5.515392801961158e-06,-2.647220438848735e-05
42.650000000000006,-3.1988391491512086e-05,-0.031988391491512086,1.2691861385887732e-05,-4.888223064462043e-05
42.70000000000001,-3.740889420080955e-05,-0.03740889420080955,1.8740168493286293e-05,-6.20078799185779e-05
42.75000000000001,-4.475936432886568e-05,-0.044759364328865674,2.3568522655269316e-05,-6.378467823223674e-05
42.800000000000004,-5.4704028962750225e-05,-0.05470402896275022,2.7118342283885277e-05,-5.440928348250328e-05
42.85000000000001,-3.3227075760034e-05,-0.033227075760034,2.936275209867648e-05,-3.641519470662288e-05
42.900000000000006,-2.8624500689643236e-06,-0.0028624500689643237,3.0304614161053123e-05,-1.4260600377091211e-05
42.95000000000001,1.6948569233991016e-05,0.016948569233991018,2.9974226250277544e-05,6.560873444576843e-06
43.00000000000001,2.6654730283175104e-05,0.026654730283175103,2.8426795577773194e-05,2.0760634703714094e-05
43.050000000000004,2.8784386310697584e-05,0.028784386310697584,2.5739771578067316e-05,2.4601369243867717e-05
43.10000000000001,3.2614646884946816e-05,0.032614646884946814,2.201010139912422e-05,1.7020086924490368e-05
43.150000000000006,-3.0976485439621526e-06,-0.0030976485439621524,1.735145683234596e-05,1.9094228217436597e-07
43.20000000000001,-1.5831807757606687e-05,-0.015831807757606686,1.1891470670837119e-05,-2.0718698082152502e-05
43.25000000000001,-2.151773619498063e-05,-0.021517736194980628,5.769011573813296e-06,-3.8661246168756875e-05
43.300000000000004,-2.1558491100991727e-05,-0.021558491100991728,-8.684830716419497e-07,-4.651252534207122e-05
43.35000000000001,-3.4742420581924966e-05,-0.03474242058192497,-7.867608545554874e-06,-3.9153942288581685e-05
43.400000000000006,-2.509040598201168e-05,-0.02509040598201168,-1.5071534112961233e-05,-1.5268622461761436e-05
43.45000000000001,-3.2652555088395196e-06,-0.0032652555088395195,-2.2322503033508325e-05,2.1720246913066933e-05
43.50000000000001,2.8735318293531084e-05,0.028735318293531084,-2.9464320439328065e-05,6.39710715809388e-05
43.550000000000004,5.103032625869041e-05,0.05103032625869041,-3.63448632918896e-05,0.00010088223841542567
43.60000000000001,6.947350341033903e-05,0.06947350341033903,-4.281864305804985e-05,0.0001217620351905482
43.650000000000006,7.299366009598236e-05,0.07299366009598236,-4.874943663307771e-05,0.00011882838085836508
43.70000000000001,7.887537446798239e-05,0.07887537446798239,-5.4012973331152395e-05,8.967266813173782e-05
43.75000000000001,9.876318710687337e-05,0.09876318710687337,-5.849962703764376e-05,3.839750395307737e-05
43.800000000000004,-0.00010720404966011596,-0.10720404966011596,-6.211701662284296e-05,-2.5017926583408065e-05
43.85000000000001,-0.0002188430580515625,-0.2188430580515625,-6.479237059274639e-05,-8.704494838590342e-05
43.900000000000006,-0.00027042009563438746,-0.27042009563438746,-6.64744743431679e-05,-0.00013400454395830154
43.95000000000001,-0.00024538105162780395,-0.24538105162780394,-6.71350053871581e-05,-0.00015556012971369574
44.00000000000001,-0.00020324681322857912,-0.20324681322857913,-6.67690857408922e-05,-0.0001472910200383467
44.05000000000001,-0.00015103503728789813,-0.15103503728789813,-6.53949408999715e-05,-0.00011163657482437809
44.10000000000001,-0.00011648269127468837,-0.11648269127468837,-6.305263765675961e-05,-5.702080117254493e-05
44.150000000000006,-6.248690419541837e-05,-0.062486904195418365,-5.980195978148237e-05,4.4893876822510315e-06
44.20000000000001,-5.771859769644826e-06,-0.005771859769644826,-5.571955661499144e-05,6.025132510007917e-05
44.25000000000001,4.8474025513275944e-05,0.048474025513275946,-5.0895556498148744e-05,9.996908411060783e-05
44.30000000000001,6.84259630932371e-05,0.0684259630932371,-4.542987055709052e-05,0.00011773718816732933
44.35000000000001,5.8406553513322426e-05,0.058406553513322426,-3.942842085332799e-05,0.00011279820628699767
44.400000000000006,4.9256621118287564e-05,0.04925662111828757,-3.2999511067331264e-05,8.900427021806912e-05
44.45000000000001,3.7214919339923856e-05,0.03721491933992386,-2.625052222470027e-05,5.331508505790209e-05
44.50000000000001,1.1844807094470779e-05,0.011844807094470779,-1.9285068164243377e-05,1.386033541004954e-05
44.55000000000001,-1.365618794490837e-05,-0.013656187944908369,-1.22006937996554e-05,-2.189116026836985e-05
44.60000000000001,-2.698176409438908e-05,-0.02698176409438908,-5.087150524333517e-06,-4.84512686494747e-05
44.650000000000006,-2.1769436457101568e-05,-0.021769436457101568,1.974757887814127e-06,-6.29367407458506e-05
44.70000000000001,-3.024945670849697e-05,-0.03024945670849697,8.913795993820693e-06,-6.503208097001683e-05
44.75000000000001,-1.9489027326297064e-05,-0.019489027326297065,1.5668440384251208e-05,-5.647833179205038e-05
44.80000000000001,-1.4590263692543093e-05,-0.014590263692543093,2.2186612174693825e-05,-4.033233777919132e-05
44.85000000000001,9.523691327025328e-06,0.009523691327025328,2.842506595689423e-05,-2.0212079067454402e-05
44.900000000000006,3.752303307899187e-05,0.03752303307899187,3.4348499639168665e-05,3.345706986403573e-07
44.95000000000001,7.011618571259368e-05,0.07011618571259368,3.992844383606521e-05,1.828402047183147e-05
45.00000000000001,8.984566920922218e-05,0.08984566920922218,4.5141984151309783e-05,3.1418805061029454e-05
45.05000000000001,8.798495544609216e-05,0.08798495544609217,4.997036781668955e-05,3.8466054238481904e-05
45.10000000000001,8.015290159213931e-05,0.08015290159213931,5.43975495484119e-05,3.912086526438702e-05
45.150000000000006,7.745856705684547e-05,0.07745856705684546,5.840873973047194e-05,3.397303400859896e-05
45.20000000000001,6.326300706657354e-05,0.06326300706657355,6.198902835917642e-05,2.4348651247186707e-05
45.25000000000001,4.6884839842399625e-05,0.04688483984239963,6.512216678629164e-05,1.2078691426671148e-05
45.30000000000001,4.126790364611305e-05,0.041267903646113054,6.778959293024078e-05,-7.859316389412029e-07
45.35000000000001,3.594671830892781e-05,0.03594671830892781,6.996978222993e-05,-1.2282848394293037e-05
45.400000000000006,3.0237676092833914e-05,0.030237676092833916,7.163799530201688e-05,-2.0830827767827382e-05
45.45000000000001,2.6040956334001666e-05,0.026040956334001667,7.27664742984355e-05,-2.5462307341543323e-05
45.50000000000001,2.212341812208234e-05,0.02212341812208234,7.332511462357767e-05,-2.5954221505361527e-05
45.55000000000001,3.274304283549055e-05,0.032743042835490545,7.328260872143668e-05,-2.2827259321939048e-05
45.60000000000001,5.538141295789473e-05,0.055381412957894734,7.260802600057701e-05,-1.7205374821549285e-05
45.650000000000006,7.053983615711566e-05,0.07053983615711566,7.127275998445275e-05,-1.0556313736459467e-05
45.70000000000001,7.137907231390972e-05,0.07137907231390972,6.925274359199183e-05,-4.362879242749154e-06
45.75000000000001,7.006497709869977e-05,0.07006497709869977,6.653080948292451e-05,2.057700908510601e-07
45.80000000000001,7.140129621124702e-05,0.07140129621124702,6.309905699971517e-05,2.549816590065683e-06
45.85000000000001,7.962832046080254e-05,0.07962832046080254,5.896108081996568e-05,2.7611838374129324e-06
45.900000000000006,8.805769295282355e-05,0.08805769295282355,5.4133918100987065e-05,1.5777059221426059e-06
45.95000000000001,8.984783243825957e-05,0.08984783243825957,4.8649579851446204e-05,1.6835333451560957e-07
46.00000000000001,9.51161589674273e-05,0.09511615896742731,4.255604846682807e-05,-2.1105949009678176e-07
46.05000000000001,5.985893133078601e-05,0.059858931330786014,3.591764698941056e-05,1.388337553370212e-06
46.10000000000001,3.41352036204385e-05,0.0341352036204385,2.8814716012140507e-05,5.274703862037191e-06
46.150000000000006,5.390674374049783e-05,0.05390674374049784,2.134256895570353e-05,1.095330504387237e-05
46.20000000000001,4.174427764669089e-05,0.04174427764669089,1.3609732257926595e-05,1.7209437210234583e-05
46.25000000000001,3.7231083811851234e-05,0.03723108381185124,5.735511030900829e-06,2.243488556142275e-05
46.30000000000001,2.7649505738645033e-05,0.027649505738645032,-2.1530476959485137e-06,2.5108167542568128e-05
46.35000000000001,2.9649215423405944e-05,0.029649215423405945,-9.924692272478266e-06,2.4273701304773e-05
46.400000000000006,1.1863396249332455e-05,0.011863396249332456,-1.744787436284982e-05,1.9853503460636904e-05
46.45000000000001,-2.4951446997352153e-05,-0.024951446997352154,-2.4594872304470147e-05,1.2677078848491608e-05
46.50000000000001,-6.279018679180976e-05,-0.06279018679180977,-3.124595370087916e-05,4.214766007220323e-06
46.55000000000001,-0.00010346561283887646,-0.10346561283887647,-3.729338690840875e-05,-3.890955568601538e-06
46.60000000000001,-0.00010846187428348391,-0.10846187428348392,-4.264510728933753e-05,-1.0328301533195323e-05
46.650000000000006,-7.684778296122101e-05,-0.07684778296122101,-4.72278539691026e-05,-1.4479665608171234e-05
46.70000000000001,-8.255237704232461e-05,-0.08255237704232461,-5.0989617047030336e-05,-1.6535067727678924e-05
46.75000000000001,-8.614105228376471e-05,-0.0861410522837647,-5.3901270584421e-05,-1.7343573049565733e-05
46.80000000000001,-7.647606847050164e-05,-0.07647606847050165,-5.595730764279298e-05,-1.807773999555183e-05
46.85000000000001,-0.00010423683873114867,-0.10423683873114867,-5.717563544486322e-05,-1.9826705281111002e-05
46.900000000000006,-0.0001177756003773584,-0.1177756003773584,-5.759642946199233e-05,-2.3223155342297837e-05
46.95000000000001,-0.00010878334193633308,-0.10878334193633309,-5.728008516223598e-05,-2.8171451459100537e-05
47.00000000000001,-0.00010092574484284275,-0.10092574484284275,-5.630434616117184e-05,-3.371098750721928e-05
47.05000000000001,-0.00010521653638112812,-0.10521653638112811,-5.4760727687855154e-05,-3.8040103978502886e-05
47.10000000000001,-7.824048901311251e-05,-0.07824048901311251,-5.275039301350081e-05,-3.8735729217210746e-05
47.150000000000006,-6.61837111649499e-05,-0.0661837111649499,-5.037967489909189e-05,-3.320552819467973e-05
47.20000000000001,-2.495310916890868e-05,-0.02495310916890868,-4.775546116868399e-05,-1.9373385508139265e-05
47.25000000000001,1.1423253065530956e-05,0.011423253065530955,-4.498068040948824e-05,3.4855652358732007e-06
47.30000000000001,4.3156029870164324e-05,0.04315602987016432,-4.215012763990709e-05,3.395796369286855e-05
47.35000000000001,4.922750089557481e-05,0.04922750089557481,-3.934685776579118e-05,6.804516195795732e-05
47.400000000000006,4.3920249214484776e-05,0.04392024921448478,-3.663934514055745e-05,9.936077546899755e-05
47.45000000000001,5.271377115479268e-05,0.05271377115479268,-3.407956146585002e-05,0.00012016147980642697
47.50000000000001,7.35796289286587e-05,0.0735796289286587,-3.17020654098774e-05,0.00012315212050080575
47.55000000000001,6.445965645801382e-05,0.06445965645801381,-2.9524130885284528e-05,0.0001036887687119217
47.60000000000001,6.214532674143366e-05,0.06214532674143366,-2.7546871394754734e-05,6.173469535387805e-05
47.650000000000006,7.419353713414597e-05,0.07419353713414598,-2.5757248373748432e-05,2.838877188993577e-06
47.70000000000001,-1.9285920755279837e-05,-0.019285920755279837,-2.4130785017110108e-05,-6.240736542069539e-05
47.75000000000001,-0.00017410057669935543,-0.17410057669935544,-2.2634747912427916e-05,-0.00012053583593029818
47.80000000000001,-0.00032079556183897613,-0.3207955618389761,-2.1231514101236334e-05,-0.00015851990276261933
47.85000000000001,-0.0002987518857199439,-0.2987518857199439,-1.9881822569513766e-05,-0.0001673001420297141
47.900000000000006,-0.00022358578607407302,-0.223585786074073,-1.8547629751079664e-05,-0.0001444022610700296
47.95000000000001,-9.912655922031182e-05,-0.09912655922031183,-1.7194353611154736e-05,-9.477340054615666e-05
48.00000000000001,-2.3240699074487843e-05,-0.023240699074487843,-1.579238932438401e-05,-2.953898414010856e-05
48.05000000000001,5.1224893851312645e-05,0.051224893851312646,-1.4317887218493867e-05,3.693152612236996e-05
48.10000000000001,6.876525567195493e-05,0.06876525567195493,-1.2752875279149116e-05,9.073141058901846e-05
48.150000000000006,7.057517475723946e-05,0.07057517475723946,-1.1084868767205698e-05,0.0001217888498351098
48.20000000000001,6.148231579217757e-05,0.06148231579217757,-9.306135541042e-06,0.00012598624594614656
48.25000000000001,5.4166808337678805e-05,0.054166808337678805,-7.412783444355998e-06,0.00010556739472150623
48.30000000000001,4.4695047490449586e-05,0.044695047490449585,-5.403815085608908e-06,6.791440135248674e-05
48.35000000000001,3.4363910672641276e-05,0.034363910672641274,-3.2802643834437917e-06,2.3215195852172676e-05
48.400000000000006,7.999289242705553e-06,0.007999289242705553,-1.0444947168907909e-06,-1.823698615353096e-05
48.45000000000001,-1.0640644733402195e-05,-0.010640644733402194,1.3002955986263364e-06,-4.839160722770911e-05
48.50000000000001,-1.840613372507015e-05,-0.01840613372507015,3.7503455825521036e-06,-6.292251530094471e-05
48.55000000000001,-3.783251380550547e-05,-0.03783251380550547,6.301391621346035e-06,-6.162665466912324e-05
48.60000000000001,-3.0220376778596982e-05,-0.030220376778596982,8.948542536961149e-06,-4.78150585194533e-05
48.650000000000006,-1.7988928030062795e-05,-0.017988928030062794,1.168600605374482e-05,-2.6989842841868023e-05
48.70000000000001,7.079113386997541e-06,0.007079113386997541,1.4506704954860962e-05,-5.214682514248695e-06
48.75000000000001,3.377029414911659e-05,0.033770294149116586,1.7401818401271697e-05,1.2404748418623152e-05
48.80000000000001,5.7793650437125235e-05,0.057793650437125234,2.0360279793694278e-05,2.2791478715698124e-05
48.85000000000001,5.547975757518554e-05,0.05547975757518554,2.3368260848583805e-05,2.5318645586612568e-05
48.900000000000006,3.710121213219558e-05,0.03710121213219558,2.6408674723315697e-05,2.1551105562983855e-05
48.95000000000001,1.638964369995017e-05,0.01638964369995017,2.946073913514621e-05,1.4444512616492636e-05
49.00000000000001,2.6928766962290244e-06,0.0026928766962290244,3.2499650701783e-05,7.2676553044224555e-06
49.05000000000001,-2.4206379852252703e-06,-0.0024206379852252705,3.549642961953018e-05,2.569974318451894e-06
49.10000000000001,-6.08989109917909e-06,-0.0060898910991790895,3.841799513034194e-05,1.4829020752811131e-06
49.150000000000006,-4.916899695052304e-07,-0.0004916899695052305,4.122752510115748e-05,3.529765215254571e-06
49.20000000000001,9.772823030431453e-06,0.009772823030431452,4.388513804534385e-05,6.958827886673536e-06
49.25000000000001,1.613355018877925e-05,0.01613355018877925,4.634891523842987e-05,9.456816305025339e-06
49.30000000000001,1.6408242176216987e-05,0.016408242176216985,4.857625694908608e-05,8.993757357544009e-06
49.35000000000001,1.660209300184373e-05,0.01660209300184373,5.05255427460476e-05,4.525105511477583e-06
49.400000000000006,2.1197549275217616e-05,0.021197549275217616,5.215804309835294e-05,-3.6617959943668533e-06
49.45000000000001,3.009992470683062e-05,0.03009992470683062,5.344000887399134e-05,-1.4045811406118832e-05
49.50000000000001,3.438502016032317e-05,0.03438502016032317,5.4344847251083365e-05,-2.4357903840124466e-05
49.55000000000001,1.1008008668202194e-05,0.011008008668202193,5.485527759420893e-05,-3.227672628742503e-05
49.60000000000001,2.174836949623033e-05,0.02174836949623033,5.496534976164896e-05,-3.609590182817778e-05
49.650000000000006,3.5643086438570634e-05,0.035643086438570636,5.4682200317795936e-05,-3.5145102342866945e-05
49.70000000000001,5.140873330122193e-05,0.05140873330122193,5.402741896208416e-05,-2.984121879705423e-05
49.75000000000001,7.209475784707961e-05,0.07209475784707961,5.303789856256717e-05,-2.1382453959422556e-05
49.80000000000001,8.847173786135649e-05,0.08847173786135648,5.176604933671667e-05,-1.1227765013998433e-05
49.85000000000001,9.499037832773613e-05,0.09499037832773613,5.027927335888797e-05,-5.778694569165241e-07
49.900000000000006,9.493719572355897e-05,0.09493719572355898,4.865862118082836e-05,9.936337874823583e-06
49.95000000000001,9.575176319863593e-05,0.09575176319863593,4.6996587712186374e-05,2.02424098412663e-05
50.00000000000001,0.00010482384199129056,0.10482384199129055,4.539404775295164e-05,3.0511344415574446e-05
50.05000000000001,0.00010094837946927567,0.10094837946927568,4.395637984927155e-05,4.0685331756963705e-05
50.10000000000001,9.790835362322692e-05,0.09790835362322692,4.278887758187477e-05,5.006507616423739e-05
50.150000000000006,9.815310031702862e-05,0.09815310031702862,4.199159756607496e-05,5.716040031917294e-05
50.20000000000001,8.829469014068461e-05,0.08829469014068461,4.165384109386516e-05,5.991478794883109e-05
50.25000000000001,7.247479408823218e-05,0.07247479408823218,4.18485090581948e-05,5.627372341191779e-05
50.30000000000001,4.2092265207439745e-05,0.04209226520743974,4.262660495318845e-05,4.4927834248568446e-05
50.35000000000001,2.3905185938491355e-05,0.023905185938491356,4.40121854886042e-05,2.5975282929716796e-05
50.400000000000006,2.3878239333925965e-06,0.0023878239333925966,4.599806951994807e-05,1.2473296151662364e-06
50.45000000000001,-6.69495842756564e-05,-0.0669495842756564,4.85426104876553e-05,-2.586784145932577e-05
50.50000000000001,-4.6694977441887015e-05,-0.04669497744188702,5.156781300848867e-05,-5.1110079850634274e-05
50.55000000000001,-6.617581788694843e-05,-0.06617581788694843,5.495902932066375e-05,-7.03727982211196e-05
50.60000000000001,-6.65631534977309e-05,-0.0665631534977309,5.856640617487074e-05,-8.076695498011595e-05
50.650000000000006,-5.992027721313624e-05,-0.05992027721313624,6.22081702909704e-05,-8.137762973978688e-05
50.70000000000001,-9.2416587398542e-05,-0.092416587398542,6.567574587153197e-05,-7.34368695303246e-05
50.75000000000001,-6.644491973608917e-05,-0.06644491973608917,6.874059658579652e-05,-5.9809577608263874e-05
50.80000000000001,2.0677776885017665e-06,0.0020677776885017667,7.116258170539763e-05,-4.3922697097695924e-05
50.85000000000001,4.1606585122450066e-05,0.041606585122450065,7.269951643874831e-05,-2.8489944154221478e-05
50.900000000000006,6.936562902452993e-05,0.06936562902452993,7.311753672412354e-05,-1.450919123632232e-05
50.95000000000001,0.00011843930253679833,0.11843930253679832,7.220179764052971e-05,-9.676304879446145e-07
51.00000000000001,0.00016058758459328343,0.16058758459328343,6.976699012840233e-05,1.453538310188074e-05
51.05000000000001,0.00016759118349918842,0.16759118349918842,6.566714719992092e-05,3.438749176256557e-05
51.10000000000001,0.0001558559123246807,0.15585591232468068,5.98042291568193e-05,5.9275008251313414e-05
51.150000000000006,0.00014775739851580614,0.14775739851580613,5.2135025970291376e-05,8.690405446976669e-05
51.20000000000001,0.00015410253481545582,0.15410253481545583,4.267598968446644e-05,0.00011177835243079674
51.25000000000001,0.0001286695221262249,0.1286695221262249,3.15057039952363e-05,0.000126350084638781
51.30000000000001,0.00025279416405819507,0.25279416405819505,1.8764805586142223e-05,0.00012333948830452573
51.35000000000001,0.00019828177651656705,0.19828177651656706,4.653288405772342e-06,9.849866311847123e-05
51.400000000000006,0.0002300283438606442,0.23002834386064422,-1.0574752959136797e-05,5.279948790893012e-05
51.45000000000001,6.87492395844951e-05,0.0687492395844951,-2.661875116048732e-05,-6.884364558778182e-06
51.50000000000001,-0.00020038184116282458,-0.2003818411628246,-4.314133754752488e-05,-6.90443626101911e-05
51.55000000000001,-0.00026171621309662303,-0.261716213096623,-5.9779600276907226e-05,-0.00012048064291965042
51.60000000000001,-0.0002787638534494495,-0.27876385344944954,-7.615737367281479e-05,-0.00014999619904951695
51.650000000000006,-0.0002599706729448076,-0.25997067294480763,-9.189795711262024e-05,-0.0001516047733852249
51.70000000000001,-0.00023257934020053138,-0.2325793402005314,-0.00010663667476778468,-0.0001261792608198066
51.75000000000001,-0.00019315311250039542,-0.1931531125003954,-0.00012003274845350522,-8.102829929843071e-05
51.80000000000001,-0.00016964790309330078,-0.16964790309330077,-0.00013178004348777584,-2.760970469436822e-05
51.85000000000001,-0.0001550141315278792,-0.15501413152787918,-0.00014161634312361612,2.180731299710041e-05
51.900000000000006,-0.00014731320106236697,-0.14731320106236698,-0.00014933089934616458,5.743820049132432e-05
51.95000000000001,-0.00015378687928408792,-0.1537868792840879,-0.00015477009139540916,7.425174649791049e-05
52.00000000000001,-0.00015897411952086688,-0.15897411952086687,-0.00015784109720804972,7.264407005014726e-05
52.05000000000001,-0.00016659940349253552,-0.16659940349253552,-0.0001585135483770291,5.7505214784477136e-05
52.10000000000001,-0.00016739914469271252,-0.16739914469271253,-0.00015681919839354437,3.6158016708529744e-05
52.15000000000001,-0.0001627738657000198,-0.16277386570001978,-0.00015284968879407794,1.5927404771060628e-05
52.20000000000001,-0.000153114968356077,-0.153114968356077,-0.00014675254933518383,2.1028057240189282e-06
52.25000000000001,-0.00013693451126204582,-0.1369345112620458,-0.00013872561617664977,-3.1749918822815572e-06
52.30000000000001,-0.00011897225375009895,-0.11897225375009894,-0.00012901009495403686,-9.294658893058166e-07
52.35000000000001,-8.108827296785028e-05,-0.08108827296785028,-0.00011788253167258756,5.553780709593862e-06
52.40000000000001,-4.490269140259468e-05,-0.04490269140259468,-0.00010564598145208347,1.2128934868444942e-05
52.45000000000001,-7.373116677338845e-05,-0.07373116677338845,-9.262068117631947e-05,1.5203939173097693e-05
52.50000000000001,-6.0147591842670885e-05,-0.060147591842670885,-7.9134535526868e-05,1.2767756823212178e-05
52.55000000000001,-3.3798090008916394e-05,-0.03379809000891639,-6.551371709936392e-05,4.819198682085916e-06
52.60000000000001,-6.7859569214207685e-06,-0.006785956921420769,-5.207366302169849e-05,-6.810939827045863e-06
52.65000000000001,8.209581632801153e-07,0.0008209581632801153,-3.9110725703106586e-05,-1.9099176820404375e-05
52.70000000000001,1.7243779140382296e-05,0.017243779140382297,-2.689470499569916e-05,-2.8708910411252696e-05
52.75000000000001,1.2205693622457352e-05,0.012205693622457351,-1.5662452646018785e-05,-3.288131052399157e-05
52.80000000000001,2.3409293934903267e-06,0.0023409293934903265,-5.612697840461862e-06,-3.014294808222095e-05
52.85000000000001,-7.016294924686271e-06,-0.007016294924686271,3.09780283691369e-06,-2.0690287314635374e-05
52.90000000000001,1.3700223256482814e-05,0.013700223256482813,1.0356733242873042e-05,-6.377411641150706e-06
52.95000000000001,4.428395603431761e-05,0.04428395603431761,1.6097287963825587e-05,9.689348216205509e-06
53.00000000000001,6.84354681897052e-05,0.06843546818970521,2.0297867717639873e-05,2.3861859918909643e-05
53.05000000000001,7.72232609595276e-05,0.0772232609595276,2.298045738833447e-05,3.2802348177766405e-05
53.10000000000001,6.776451089606755e-05,0.06776451089606755,2.4207778778359475e-05,3.4272287679173804e-05
53.15000000000001,4.859215442822936e-05,0.04859215442822936,2.4079346277763405e-05,2.7664647368913492e-05
53.20000000000001,2.3675276756851404e-05,0.023675276756851403,2.2726590232174997e-05,1.4152050336957163e-05
53.25000000000001,-1.0871334746986055e-06,-0.0010871334746986054,2.0307246064350645e-05,-3.5760931391957452e-06
53.30000000000001,-1.747298887839557e-05,-0.01747298887839557,1.699923245126761e-05,-2.1911254236008237e-05
53.35000000000001,-3.5197447373269955e-05,-0.035197447373269956,1.2994255267868358e-05,-3.710631772865305e-05
53.40000000000001,-4.1687386290373565e-05,-0.041687386290373565,8.49137370984658e-06,-4.605623038544341e-05
53.45000000000001,-4.5741828336577825e-05,-0.045741828336577826,3.6907512027222397e-06,-4.6911324383091865e-05
53.50000000000001,-5.7765501184208345e-05,-0.05776550118420835,-1.2122118097847464e-06,-3.94059153036606e-05
53.55000000000001,-3.987623486999554e-05,-0.03987623486999554,-6.032200617977464e-06,-2.4852824505514558e-05
53.60000000000001,-1.1781422597244323e-05,-0.011781422597244323,-1.0598642370129219e-05,-5.824800397872752e-06
53.65000000000001,-4.353574474503102e-06,-0.0043535744745031016,-1.4759616247455936e-05,1.4395814203021099e-05
53.70000000000001,6.5880500908058295e-06,0.00658805009080583,-1.8384979620868527e-05,3.247664025580456e-05
53.75000000000001,2.865305073463216e-05,0.02865305073463216,-2.1368707706747e-05,4.566581721796165e-05
53.80000000000001,2.8080603770259512e-05,0.02808060377025951,-2.363047135820886e-05,5.2266896143307304e-05
53.85000000000001,2.8575196968824755e-05,0.028575196968824754,-2.511649534808038e-05,5.186712414296507e-05
53.90000000000001,2.9051608239853767e-05,0.02905160823985377,-2.579974826088175e-05,4.528149369166356e-05
53.95000000000001,2.501065333493243e-05,0.02501065333493243,-2.5679516262790502e-05,3.423696018722916e-05
54.00000000000001,7.480599890135784e-06,0.007480599890135784,-2.478040865017562e-05,2.0880706339167375e-05
54.05000000000001,-2.261018551151265e-05,-0.02261018551151265,-2.315083567676972e-05,7.240263311762339e-06
54.10000000000001,-4.013909028301467e-05,-0.04013909028301467,-2.0860991444947516e-05,-5.221216666085199e-06
54.15000000000001,-1.304796049595079e-05,-0.01304796049595079,-1.800036964331603e-05,-1.5833588319831195e-05
54.20000000000001,-1.7996700021479034e-05,-0.017996700021479035,-1.4674840225960846e-05,-2.467148761162738e-05
54.25000000000001,-3.55863708269334e-05,-0.035586370826933396,-1.1003321374895001e-05,-3.225205769562577e-05
54.30000000000001,-4.944886186160281e-05,-0.04944886186160281,-7.114091595526479e-06,-3.908198738396925e-05
54.35000000000001,-5.896690994309791e-05,-0.05896690994309791,-3.1407996784303575e-06,-4.5208263245911904e-05
54.40000000000001,-6.113146783282712e-05,-0.06113146783282712,7.817545948370703e-07,-4.993354645375841e-05
54.45000000000001,-3.015612167470879e-05,-0.03015612167470879,4.521977753083196e-06,-5.1817908915878815e-05
54.50000000000001,-2.1129251609055764e-06,-0.0021129251609055765,7.955865332902414e-06,-4.901182060974854e-05
54.55000000000001,1.565528231335291e-05,0.01565528231335291,1.097127571655801e-05,-3.9864585132039145e-05
54.60000000000001,-6.909508720152152e-07,-0.0006909508720152152,1.3471943438180044e-05,-2.364893458808729e-05
54.65000000000001,-2.156602855359482e-05,-0.02156602855359482,1.53810711849301e-05,-1.1671394948332641e-06
54.70000000000001,1.2364136555269836e-05,0.012364136555269835,1.6644340192994216e-05,2.5006478343613008e-05
54.75000000000001,7.710371478352792e-05,0.07710371478352793,1.7232187038455003e-05,5.0811141010171644e-05
54.80000000000001,0.0001287708795310069,0.12877087953100688,1.7141209286428175e-05,7.151384249403877e-05
54.85000000000001,0.0001346297869281731,0.13462978692817312,1.639458501094162e-05,8.285830886520582e-05
54.90000000000001,0.00011181745454684819,0.11181745454684819,1.5041426787698053e-05,8.221058858026496e-05
54.95000000000001,6.657500377787217e-05,0.06657500377787218,1.3155042428745545e-05,6.933630503551455e-05
55.00000000000001,3.6268765612893435e-05,0.03626876561289343,1.0830139216578408e-05,4.655143798069599e-05
55.05000000000001,1.8685047193438896e-05,0.018685047193438897,8.179076735728314e-06,1.8187258511789453e-05
55.10000000000001,-7.904555508717633e-06,-0.007904555508717633,5.327335462485391e-06,-1.0475118380451624e-05
55.15000000000001,-4.7433316127424346e-05,-0.047433316127424345,2.408417004087317e-06,-3.448803924176527e-05
55.20000000000001,-8.245861015725761e-05,-0.08245861015725761,-4.4157578451947045e-07,-5.0372128555598185e-05
55.25000000000001,-7.797340464313236e-05,-0.07797340464313236,-3.089415562328923e-06,-5.679439666559675e-05
55.30000000000001,-6.715909471839805e-05,-0.06715909471839805,-5.410023573035326e-06,-5.462772662508607e-05
55.35000000000001,-7.604431136902978e-05,-0.07604431136902978,-7.291297993025902e-06,-4.641708001446028e-05
55.40000000000001,-9.497350275219082e-05,-0.09497350275219081,-8.638289717446112e-06,-3.544817627149775e-05
55.45000000000001,-7.451030793644256e-05,-0.07451030793644256,-9.37655997041282e-06,-2.4717724528904287e-05
55.50000000000001,-5.785440198611956e-05,-0.05785440198611956,-9.454601657151978e-06,-1.61146071960096e-05
55.55000000000001,-4.2784896303228695e-05,-0.042784896303228695,-8.84525684679895e-06,-1.0042424062804328e-05
55.60000000000001,-3.961357375614991e-05,-0.03961357375614991,-7.546113572292218e-06,-5.5719991463579666e-06
55.65000000000001,-3.044399945928604e-05,-0.03044399945928604,-5.578912788650372e-06,-1.0475494196245508e-06
55.70000000000001,-3.253820388534645e-05,-0.03253820388534645,-2.9880379359737924e-06,5.072119411537636e-06
55.75000000000001,-2.683413595098564e-05,-0.02683413595098564,1.618060267170925e-07,1.3432867690638022e-05
55.80000000000001,-6.927057414761104e-06,-0.006927057414761104,3.788589807415627e-06,2.334414604552993e-05
55.85000000000001,1.9197545518947915e-05,0.019197545518947916,7.796478043084447e-06,3.284710834858321e-05
55.90000000000001,3.489985152450789e-05,0.034899851524507884,1.2079699661810961e-05,3.9289737849731925e-05
55.95000000000001,3.383423453124656e-05,0.03383423453124656,1.6526595900011895e-05,4.0229057138033004e-05
56.00000000000001,3.4546986618681696e-05,0.0345469866186817,2.1023675870781174e-05,3.43583577156105e-05
56.05000000000001,4.915146866962814e-05,0.04915146866962814,2.5459523798280108e-05,2.213509524764574e-05
56.10000000000001,7.370065278721753e-06,0.007370065278721753,2.9728424264281348e-05,5.872810082947111e-06
56.15000000000001,-7.204801189461708e-06,-0.007204801189461709,3.373359903787528e-05,-1.0768993871456206e-05
56.20000000000001,-2.0909142010790462e-05,-0.02090914201079046,3.738997782215756e-05,-2.3765067749226494e-05
56.25000000000001,-1.155653233519123e-05,-0.01155653233519123,4.0626451816536584e-05,-2.9883453814737916e-05
56.30000000000001,1.02164070138362e-05,0.0102164070138362,4.338758028565669e-05,-2.766545229359716e-05
56.35000000000001,-1.3190160157195471e-05,-0.013190160157195471,4.563473564274691e-05,-1.791663265801072e-05
56.40000000000001,-1.9442061558495575e-06,-0.0019442061558495574,4.7346683796091334e-05,-3.5445748011104754e-06
56.45000000000001,2.0626284984432e-05,0.020626284984432,4.851960619530186e-05,1.1224313632972982e-05
56.50000000000001,3.802422225172542e-05,0.03802422225172542,4.9166579530510715e-05,2.2027664039424875e-05
56.55000000000001,4.3796925469290496e-05,0.043796925469290496,4.931653910547162e-05,2.5603218323646043e-05
56.60000000000001,3.8403219265545416e-05,0.038403219265545414,4.901276379728163e-05,2.0709962634158056e-05
56.65000000000001,2.2784252119907593e-05,0.022784252119907592,4.831093548883332e-05,8.459130660205476e-06
56.70000000000001,-6.046215535641579e-06,-0.0060462155356415795,4.72768434616359e-05,-8.038421324641154e-06
56.75000000000001,-3.7711045352861513e-05,-0.037711045352861516,4.5983821765275155e-05,-2.4589285400763096e-05
56.80000000000001,-4.805626701509886e-05,-0.04805626701509886,4.4510021061070184e-05,-3.71069220416448e-05
56.85000000000001,-4.901957428745349e-05,-0.04901957428745349,4.293562209157144e-05,-4.2706452184872426e-05
56.90000000000001,-3.608309900799491e-05,-0.03608309900799491,4.134009365062604e-05,-4.038471776202887e-05
56.95000000000001,-2.041414421881771e-05,-0.02041414421881771,3.979958437385866e-05,-3.111387022369027e-05
57.00000000000001,-7.728070077761475e-06,-0.007728070077761474,3.838451811976238e-05,-1.73707146436613e-05
57.05000000000001,-5.262516617968987e-06,-0.005262516617968987,3.71574416306365e-05,-2.2951242904774226e-06
57.10000000000001,-5.36809981864998e-06,-0.005368099818649981,3.617115437601057e-05,1.1235237391917164e-05
57.15000000000001,-6.979814975723355e-07,-0.0006979814975723355,3.5467136011304315e-05,2.1331545121309603e-05
57.20000000000001,1.1265530645515242e-05,0.011265530645515241,3.507427689211362e-05,2.7429085788205056e-05
57.25000000000001,2.82592064954187e-05,0.0282592064954187,3.500791081317854e-05,3.0174334278633368e-05
57.30000000000001,2.035698487071738e-05,0.020356984870717378,3.5269146115061806e-05,3.09439654930603e-05
57.35000000000001,3.076389686315458e-05,0.03076389686315458,3.584449171718719e-05,3.1177132500363285e-05
57.40000000000001,1.2241697064088009e-05,0.012241697064088009,3.6705778632232415e-05,3.1745719970867255e-05
57.45000000000001,-9.280775175610682e-07,-0.0009280775175610682,3.781038423000175e-05,3.256608815000446e-05
57.50000000000001,1.2470755889601321e-05,0.012470755889601321,3.9101773937974706e-05,3.2577350322340096e-05
57.55000000000001,7.467940178694048e-06,0.007467940178694048,4.051038077870213e-05,3.009599449152635e-05
57.60000000000001,1.1714072859831885e-05,0.011714072859831885,4.195484546220258e-05,2.343647098404548e-05
57.65000000000001,2.2724110090944703e-05,0.022724110090944702,4.334363841751126e-05,1.1599148470094685e-05
57.70000000000001,-4.474422582955693e-06,-0.004474422582955693,4.457708093478885e-05,-5.1987243838143255e-06
57.75000000000001,-4.6498675726196874e-05,-0.04649867572619688,4.554977611777787e-05,-2.5325631761039105e-05
57.80000000000001,-6.116000771943631e-05,-0.06116000771943631,4.615345097059329e-05,-4.5942740240462184e-05
57.85000000000001,-6.0915141114172284e-05,-0.06091514111417228,4.6280196364527975e-05,-6.356030187519401e-05
57.90000000000001,-5.8104547348436314e-05,-0.058104547348436314,4.582606911424816e-05,-7.478821895908733e-05
57.95000000000001,-5.922840222714775e-05,-0.05922840222714775,4.469498927201098e-05,-7.708167954225468e-05
58.00000000000001,-5.466444536593668e-05,-0.054664445365936676,4.2802828642268044e-05,-6.930129672321956e-05
58.05000000000001,-1.4252864400129323e-05,-0.014252864400129323,4.008154789607657e-05,-5.197147880468925e-05
58.10000000000001,1.6553409328309426e-05,0.016553409328309426,3.6483203964689684e-05,-2.720411863519098e-05
58.15000000000001,6.0026079636087456e-05,0.06002607963608746,3.198362091234029e-05,1.668954291544073e-06
58.20000000000001,4.7134513863165337e-05,0.047134513863165334,2.658550098210317e-05,3.06605650440505e-05
58.25000000000001,7.766473534999981e-05,0.0776647353499998,2.0320752318604903e-05,5.577676584161802e-05
58.30000000000001,0.00011144104450006292,0.11144104450006291,1.3251827972392005e-05,7.364213394763937e-05
58.35000000000001,0.00012914128187682103,0.12914128187682103,5.4719062975476995e-06,8.201097611817751e-05
58.40000000000001,0.00010087248218504435,0.10087248218504435,-2.8962062567549894e-06,8.009161198870902e-05
58.45000000000001,0.00011089853101127252,0.11089853101127252,-1.1702504624965292e-05,6.863235221475026e-05
58.50000000000001,6.578949909454926e-05,0.06578949909454926,-2.0773526781075662e-05,4.9749693201752253e-05
58.55000000000001,3.554836969886586e-05,0.03554836969886586,-2.9917307753439715e-05,2.6523510680763017e-05
58.60000000000001,-9.803054423358287e-06,-0.009803054423358286,-3.89293686052343e-05,2.4330135785616372e-06
58.65000000000001,-3.5007540889356964e-05,-0.03500754088935697,-4.759949472446848e-05,-1.925365644227665e-05
58.70000000000001,-6.417224749181613e-05,-0.06417224749181613,-5.571900501817263e-05,-3.6009300995459304e-05
58.75000000000001,-7.192469809741492e-05,-0.07192469809741492,-6.308818075533777e-05,-4.63896730944644e-05
58.80000000000001,-8.21707860282411e-05,-0.0821707860282411,-6.952351164650592e-05,-5.012949574967436e-05
58.85000000000001,-8.412680492016512e-05,-0.08412680492016512,-7.486442652306748e-05,-4.7997891001969086e-05
58.90000000000001,-8.22782415236724e-05,-0.0822782415236724,-7.897920417712012e-05,-4.147607155850975e-05
58.95000000000001,-7.338696768115278e-05,-0.07338696768115278,-8.176980323805381e-05,-3.235467900816599e-05
59.00000000000001,-6.296712388791681e-05,-0.06296712388791681,-8.317540493818147e-05,-2.2352463183229678e-05
59.05000000000001,-4.536723441376481e-05,-0.045367234413764806,-8.317452584788401e-05,-1.2835456472107836e-05
59.10000000000001,-5.2739993592675385e-06,-0.005273999359267538,-8.178562571548994e-05,-4.677169343482965e-06
59.15000000000001,1.3987988288645023e-05,0.013987988288645023,-7.906620486153582e-05,1.7414633401360028e-06
59.20000000000001,5.286165175378427e-05,0.052861651753784274,-7.511045235256779e-05,6.4280420046263584e-06
59.25000000000001,2.977173530198321e-05,0.02977173530198321,-7.004556669332482e-05,9.626589634130838e-06
59.30000000000001,6.847400831104407e-05,0.06847400831104407,-6.402692238382364e-05,1.1675897466142912e-05
59.35000000000001,0.00010060801925471608,0.10060801925471607,-5.723229775574464e-05,1.2919739216926775e-05
59.40000000000001,0.0001545198089124546,0.1545198089124546,-4.985541278669933e-05,1.3677018539058053e-05
59.45000000000001,0.00018608824031501805,0.18608824031501806,-4.2099050073921536e-05,1.4243375396950893e-05
59.50000000000001,0.00023070720938312152,0.2307072093831215,-3.4168045718016126e-05,1.4876436651540468e-05
59.55000000000001,0.00023778405040440203,0.23778405040440204,-2.626243659329146e-05,1.5730333055571857e-05
59.60000000000001,0.00024612435205061735,0.24612435205061736,-1.857103504114339e-05,1.6748526899012356e-05
59.65000000000001,0.000264533758178027,0.264533758178027,-1.126567291740484e-05,1.7573394841215417e-05
59.70000000000001,0.0002874194391205958,0.2874194391205958,-4.496317951105471e-06,1.7553050508564036e-05
59.75000000000001,0.00033718945177928445,0.33718945177928444,1.6127790969961061e-06,1.589839168867936e-05
59.80000000000001,0.00036817502547500686,0.36817502547500686,6.965795030123793e-06,1.1972107626329364e-05
59.85000000000001,0.0003914898618480903,0.3914898618480903,1.1496840173117675e-05,5.611233408876985e-06
59.90000000000001,0.00038865970738031363,0.38865970738031363,1.517024910567173e-05,-2.6581177553569254e-06
59.95000000000001,0.00037854372917161183,0.37854372917161183,1.7979699929204373e-05,-1.1630717588822672e-05
