time_s,displacement_m,displacement_mm,breathing_signal_m,heart_signal_m
0.0,-8.78240199248256e-05,-0.08782401992482561,0.00014424919876665713,2.2422016571231742e-05
0.05000000000000001,0.00011206186053859147,0.11206186053859148,0.0001595387738472171,0.00012499783084426276
0.10000000000000002,0.00029269700961705,0.29269700961705003,0.0001769612520949438,0.00022331170794820116
0.15000000000000002,8.559590710939695e-05,0.08559590710939695,0.00019671080680169726,0.00030901026409764715
0.20000000000000004,0.000170726007547731,0.170726007547731,0.0002188799612830337,0.0003698334574300438
0.25000000000000006,0.00013794130166157293,0.13794130166157292,0.0002434477186118618,0.000391415461228839
0.30000000000000004,0.00020537741239997034,0.20537741239997034,0.00027027059262669384,0.00036138052630037656
0.3500000000000001,0.00023227183295033852,0.2322718329503385,0.0002990770042477328,0.00027447513434765756
0.4000000000000001,0.00025607150299419075,0.25607150299419074,0.0003294655014258408,0.00013678400605802578
0.45000000000000007,0.00020523046650112943,0.20523046650112944,0.0003609072320574626,-3.292230720486534e-05
0.5000000000000001,4.0754201185578725e-05,0.04075420118557872,0.0003927530485592074,-0.0002058503373447
0.55,-0.00048599621933115967,-0.48599621933115966,0.000424245546240865,-0.000349590156714791
0.6000000000000001,-0.0004011134887912937,-0.4011134887912937,0.00045453622030045877,-0.0004364989707422231
0.6500000000000001,-0.0002966503112168923,-0.2966503112168923,0.00048270774414575085,-0.0004513334211016648
0.7000000000000002,-0.00015057587923563792,-0.15057587923563792,0.0005078011068147281,-0.00039544648664895934
0.7500000000000001,7.980409360754164e-05,0.07980409360754163,0.0005288470102253526,-0.0002859771387889789
0.8000000000000002,0.0003998943881632237,0.3998943881632237,0.0005449005624021256,-0.00015023545566061387
0.8500000000000002,0.0004895986687441762,0.4895986687441762,0.0005550779688894837,-1.72262797421889e-05
0.9000000000000001,0.0006352889767044969,0.6352889767044969,0.0005585936700232489,9.072285667112643e-05
0.9500000000000002,0.0008547842930082735,0.8547842930082735,0.0005547962264462865,0.00016335340058984852
1.0000000000000002,0.0006666064132053675,0.6666064132053675,0.0005432012297766336,0.00020317178745496732
1.0500000000000003,0.0006386573645407814,0.6386573645407814,0.000523519604280646,0.00022151618138419076
1.1,0.0007321110675598763,0.7321110675598763,0.0004956798517156655,0.00023178054978692785
1.1500000000000001,0.0006903992416680847,0.6903992416680848,0.00045984305028361026,0.0002425873569906076
1.2000000000000002,0.0006720378561638876,0.6720378561638877,0.0004164097251716654,0.0002536162690995413
1.2500000000000002,0.0006402544302482354,0.6402544302482354,0.00036601804701576364,0.0002556787588394954
1.3000000000000003,0.0006463380670436751,0.646338067043675,0.0003095331781929954,0.00023492885500115226
1.3500000000000003,0.0005866277579362406,0.5866277579362407,0.0002480279668596354,0.0001794776257303142
1.4000000000000004,0.0003866445728315178,0.3866445728315178,0.0001827555733919879,8.574838006104829e-05
1.4500000000000002,0.00011190416093527882,0.11190416093527882,0.00011511498933033622,-3.7982796852788225e-05
1.5000000000000002,-0.0002314008262174345,-0.2314008262174345,4.6610755633641476e-05,-0.00017232462653912008
1.5500000000000003,-0.00041280718477617706,-0.41280718477617706,-2.1191523650224007e-05,-0.00029161163222167274
1.6000000000000003,-0.000735325578277119,-0.735325578277119,-8.671207806937162e-05,-0.00037113803588248017
1.6500000000000004,-0.0007644414958834826,-0.7644414958834826,-0.00014840440380636935,-0.000394234000880381
1.7000000000000004,-0.0007043329353446438,-0.7043329353446438,-0.00020480140797021827,-0.00035678792484623455
1.7500000000000002,-0.0005927928136035013,-0.5927928136035012,-0.0002545586064173643,-0.0002678596020041713
1.8000000000000003,-0.000431114834308597,-0.431114834308597,-0.00029649297369387974,-0.0001465003807224376
1.8500000000000003,-0.00031827388499528235,-0.31827388499528236,-0.00032961634605343306,-1.619148369795869e-05
1.9000000000000004,-0.0003171658513298312,-0.31716585132983116,-0.0003531625827656781,0.00010106423418094953
1.9500000000000004,-0.00044820967292560405,-0.44820967292560404,-0.00036660796506766426,0.00018918362028100318
2.0000000000000004,-0.0005553302340917165,-0.5553302340917166,-0.0003696845442015806,0.00024002929874615436
2.0500000000000003,-0.00038989430589621326,-0.38989430589621327,-0.00036238634817316735,0.0002531175803521783
2.1000000000000005,-0.00024512987297362255,-0.24512987297362254,-0.00034496853948696803,0.00023384593944459473
2.1500000000000004,-0.00010666033809736324,-0.10666033809736324,-0.00031793979415819704,0.00019124935767741457
2.2,-9.93131853339618e-05,-0.0993131853339618,-0.00028204833789673454,0.00013596665056126795
2.2500000000000004,-9.503135323497125e-05,-0.09503135323497125,-0.00023826220907907162,7.858805989715573e-05
2.3000000000000003,-0.00010438363410453966,-0.10438363410453966,-0.00018774440768818063,2.8213603813917752e-05
2.3500000000000005,-0.00013678516140129668,-0.13678516140129668,-0.00013182363978638006,-8.942211862203193e-06
2.4000000000000004,-0.00021918595018143567,-0.21918595018143566,-7.196139501616984e-05,-3.0773972954120806e-05
2.4500000000000006,-0.00013945992470535703,-0.13945992470535704,-9.716117908427311e-06,-3.988164575967308e-05
2.5000000000000004,-3.804465708207356e-05,-0.038044657082073566,5.32947349125127e-05,-4.2986570034223754e-05
2.5500000000000003,0.0002430908600002664,0.2430908600002664,0.00011543391594677922,-4.889561934082552e-05
2.6000000000000005,0.0003546825635693452,0.3546825635693452,0.000175084002619474,-6.532773959621544e-05
2.6500000000000004,0.00030218425219723634,0.3021842521972363,0.00023068649022833717,-9.553562830158429e-05
2.7000000000000006,0.00023756537812599462,0.23756537812599463,0.000280779445837646,-0.00013597831127984053
2.7500000000000004,0.00019698009313025885,0.19698009313025885,0.00032403284915001515,-0.00017612287410548989
2.8000000000000007,0.00024173351185349803,0.24173351185349803,0.00035928081593731187,-0.00020080379639111847
2.8500000000000005,0.0002933990605008294,0.2933990605008294,0.00038554997417442397,-0.00019468434704960347
2.9000000000000004,0.00035759430299887423,0.35759430299887424,0.0004020833290335362,-0.0001475726507098701
2.9500000000000006,0.00040253411216043314,0.40253411216043317,0.0004083590125688191,-5.8926227475009394e-05
3.0000000000000004,0.0005349519876831864,0.5349519876831864,0.0004041033792539156,6.001770591926929e-05
3.0500000000000007,0.0006647682638822494,0.6647682638822494,0.0003892979925418711,0.00018743722978224576
3.1000000000000005,0.0007522382017492545,0.7522382017492545,0.0003641801610218096,0.00029544568421472554
3.1500000000000004,0.0007364842320843429,0.7364842320843429,0.00032923683465914584,0.00035692313310364967
3.2000000000000006,0.0006952685121996705,0.6952685121996705,0.0002851918677946005,0.0003528786675006688
3.2500000000000004,0.0004959088522660334,0.49590885226603343,0.00023298689299022085,0.0002782826850336696
3.3000000000000007,0.00021146848428265334,0.21146848428265333,0.00017375631264613645,0.00014461319671499773
3.3500000000000005,0.00013319033815535413,0.13319033815535414,0.00010879717643619394,-2.1821677191656395e-05
3.400000000000001,7.87738952237491e-05,0.0787738952237491,3.953494006649038e-05,-0.0001856063072422287
3.4500000000000006,-0.0001937569733285158,-0.1937569733285158,-3.251373143694285e-05,-0.00031068203003517384
3.5000000000000004,-0.00048768576788750105,-0.48768576788750106,-0.00010577985617838927,-0.00036940922868311423
3.5500000000000007,-0.0007235869554026935,-0.7235869554026935,-0.00017868143903368075,-0.00034976600509403175
3.6000000000000005,-0.0006246188296943997,-0.6246188296943997,-0.00024966195110831345,-0.0002585807595405897
3.650000000000001,-0.0005841446298032136,-0.5841446298032136,-0.00031722687815841403,-0.00011972461686325105
3.7000000000000006,-7.994721660729744e-06,-0.007994721660729743,-0.0003799774314831954,3.2344893416575964e-05
3.750000000000001,-9.415373080866538e-05,-0.09415373080866538,-0.0004366407528761636,0.00016185010795710772
3.8000000000000007,-0.0001882565715335033,-0.1882565715335033,-0.0004860961672685925,0.0002410304042936156
3.8500000000000005,-0.0003042981724903483,-0.3042981724903483,-0.0005273971958348577,0.00025682166381225415
3.900000000000001,-0.0004113814261473828,-0.41138142614738277,-0.0005597891258291219,0.00021307479915283782
3.9500000000000006,-0.00048066675505410917,-0.48066675505410916,-0.0005827219662091171,0.00012798350342891365
4.000000000000001,-0.0006712300487448592,-0.6712300487448591,-0.0005958586387753952,2.7858709936525247e-05
4.050000000000001,-0.0006144511922297745,-0.6144511922297745,-0.0005990782907223808,-6.064182136149889e-05
4.1000000000000005,-0.0005722676073772779,-0.5722676073772779,-0.0005924746778200535,-0.00011749936275328956
4.15,-0.0005605975630736686,-0.5605975630736686,-0.0005763496586953604,-0.00013370406458970504
4.200000000000001,-0.0006822231096950056,-0.6822231096950057,-0.0005512019521588931,-0.00011213666450671724
4.250000000000001,-0.000637376643612064,-0.6373766436120639,-0.0005177114292113993,-6.515483986153282e-05
4.300000000000001,-0.0004668407929338169,-0.4668407929338169,-0.00047671933160141453,-9.935802127902435e-06
4.3500000000000005,-0.00036621494882993163,-0.3662149488299316,-0.00042920492838499614,3.6903945467650726e-05
4.4,-0.0003481997977342057,-0.34819979773420573,-0.00037625923715121164,6.386409828245499e-05
4.450000000000001,-0.00013677602438634084,-0.13677602438634084,-0.00031905653529919404,6.711566569516172e-05
4.500000000000001,-5.713915342828654e-05,-0.057139153428286536,-0.00025882445510657856,5.05310306328911e-05
4.550000000000001,-0.00012105615259443466,-0.12105615259443465,-0.00019681348695363117,2.3416774009680433e-05
4.6000000000000005,-9.14280508535248e-05,-0.09142805085352479,-0.00013426670763844992,-3.169545981782398e-06
4.650000000000001,-0.0001764755908186254,-0.1764755908186254,-7.239051125358431e-05,-2.0263783573874784e-05
4.700000000000001,-2.542616099260979e-05,-0.02542616099260979,-1.2327061920241211e-05,-2.376751392071198e-05
4.750000000000001,0.0003839669025646089,0.3839669025646089,4.4870873997360754e-05,-1.5334053146148953e-05
4.800000000000001,0.00011588976696159933,0.11588976696159933,9.826211874824464e-05,-1.2294260075777244e-06
4.8500000000000005,0.00023087654601528854,0.23087654601528854,0.00014703576882240147,1.028795217860564e-05
4.900000000000001,0.0004631168090497584,0.46311680904975844,0.00019052593951686094,1.208400180639139e-05
4.950000000000001,0.00026669178648488226,0.2666917864848823,0.00022822225037861832,7.085442030021782e-07
5.000000000000001,0.00028494716837447297,0.284947168374473,0.00025977586669723553,-2.2376743103389217e-05
5.050000000000001,0.00027105592225074287,0.2710559222507429,0.0002850010505117408,-5.1186736191625105e-05
5.1000000000000005,0.00037122905104914293,0.37122905104914294,0.00030387230871252723,-7.698651749117708e-05
5.150000000000001,0.000188502534158763,0.188502534158763,0.0003165173454766401,-9.084308837636993e-05
5.200000000000001,0.0004585857911180023,0.4585857911180023,0.00032320612545453465,-8.62001924908165e-05
5.250000000000001,0.0005295823147021556,0.5295823147021557,0.0003243364346106534,-6.079419030444055e-05
5.300000000000001,0.00033669983336668294,0.3366998333666829,0.00032041639410905655,-1.744982624408286e-05
5.3500000000000005,0.00014663928089268092,0.1466392808926809,0.0003120444472395361,3.6423095714612736e-05
5.400000000000001,0.00021993493766408082,0.21993493766408082,0.0002998874022598271,9.052286300022055e-05
5.450000000000001,0.00046052139821113554,0.4605213982111355,0.0002846571639920303,0.0001341487904183202
5.500000000000001,0.0005317786341795531,0.5317786341795531,0.0002670868094543942,0.0001588527200580476
5.550000000000001,0.0004077809231786542,0.40778092317865416,0.0002479066606676805,0.00016047479389763987
5.600000000000001,0.0003336062949585349,0.3336062949585349,0.00022782100230629707,0.00013989852032429494
5.650000000000001,0.0005517907884157956,0.5517907884157955,0.00020748609907835235,0.00010225690859392857
5.700000000000001,-0.00015624212721133732,-0.15624212721133732,0.00018749018254811807,5.489161183072044e-05
5.750000000000001,-1.158851845998773e-05,-0.011588518459987731,0.00016833608098369373,4.87363331833754e-06
5.800000000000001,-3.648406351142027e-05,-0.03648406351142027,0.00015042713765811528,-4.290873091018069e-05
5.850000000000001,4.234367695273063e-05,0.042343676952730634,0.00013405698384325835,-8.633239183196565e-05
5.900000000000001,9.857550679420854e-05,0.09857550679420854,0.00011940359649997098,-0.00012513868226509485
5.950000000000001,1.549445145717803e-05,0.01549445145717803,0.00010652789449467908,-0.00015909254654327155
6.000000000000001,-0.00015923489617040697,-0.15923489617040698,9.537693990015364e-05,-0.0001861902763207262
6.050000000000001,-0.00022099224606214095,-0.22099224606214093,8.57916304811342e-05,-0.00020188567771960798
6.100000000000001,2.2509460685324734e-05,0.022509460685324733,7.751859485912688e-05,-0.0001998446382871379
6.150000000000001,-3.352484972213568e-05,-0.03352484972213568,7.02258250434924e-05,-0.00017405964144611325
6.200000000000001,-0.00025022131125677417,-0.25022131125677416,6.352140395097436e-05,-0.00012155163601689344
6.250000000000001,7.928453496746435e-06,0.007928453496746434,5.697452316958088e-05,-4.4592473659626315e-05
6.300000000000001,0.00014084347236384168,0.14084347236384168,5.0137852931765565e-05,4.849268348839527e-05
6.350000000000001,0.0006111215751242254,0.6111215751242254,4.257022937586598e-05,0.00014438124296682975
6.400000000000001,0.00010818399418665892,0.10818399418665892,3.385857617985334e-05,0.0002274282174287256
6.450000000000001,0.0005401781971513171,0.5401781971513171,2.3638001206989017e-05,0.0002831543790322253
6.500000000000001,0.000415783597293441,0.415783597293441,1.1609118003933285e-05,0.0003015083617782589
6.550000000000002,0.00026589640137555844,0.2658964013755584,-2.448173174761587e-06,0.00027901394044466414
6.600000000000001,0.0001440709334660076,0.1440709334660076,-1.8664974188743146e-05,0.00021933340818314708
6.650000000000001,9.125743716065796e-05,0.09125743716065796,-3.707801504747108e-05,0.00013227469831858196
6.700000000000001,5.738007428474694e-06,0.005738007428474695,-5.762862179850362e-05,3.166002133292168e-05
6.750000000000001,9.097481931974572e-05,0.09097481931974571,-8.016579170480052e-05,-6.734779529150059e-05
6.800000000000002,-0.0002478263269511997,-0.24782632695119972,-0.00010445293953816604,-0.00015088843116593727
6.850000000000001,-0.0004731047278605376,-0.4731047278605376,-0.00013017771775851735,-0.0002085760945710815
6.900000000000001,-0.0004858012840142001,-0.4858012840142001,-0.00015696419640108463,-0.00023490919098476042
6.950000000000001,-0.00040323396589887214,-0.4032339658988721,-0.00018438662789236758,-0.00022976239482989168
7.000000000000001,-0.000386939836033118,-0.386939836033118,-0.00021198402938372304,-0.00019794429843601941
7.050000000000002,-0.00038895230541193774,-0.38895230541193776,-0.00023927488457528735,-0.0001479484433391651
7.100000000000001,-0.00046678669600389705,-0.46678669600389705,-0.0002657713738625858,-9.014702153770387e-05
7.150000000000001,-0.00043293340912947144,-0.4329334091294714,-0.0002909926605682841,-3.4746858299128014e-05
7.200000000000001,-0.0003910253559962143,-0.3910253559962143,-0.0003144768797922858,1.014895934441837e-05
7.250000000000001,-0.00034215227636280794,-0.34215227636280793,-0.00033579159279558643,4.003196285233541e-05
7.300000000000002,-0.0003358190409195881,-0.3358190409195881,-0.000354542580882941,5.471675916928851e-05
7.350000000000001,-0.00036808423992177545,-0.36808423992177547,-0.0003703809507620578,5.807699986684172e-05
7.400000000000001,-0.00034517834720935764,-0.34517834720935764,-0.0003830086006616627,5.6736267445614625e-05
7.450000000000001,-0.0003121715737920994,-0.3121715737920994,-0.0003921821509264733,5.792575123511749e-05
7.500000000000002,-0.0003179515821274582,-0.31795158212745817,-0.0003977154770907727,6.70087042427391e-05
7.550000000000002,-0.000372495130893823,-0.37249513089382297,-0.0003994810006065286,8.537985550074807e-05
7.600000000000001,-0.00037826020002387816,-0.37826020002387817,-0.00039740989419368957,0.00010947004618432639
7.650000000000001,-0.0003966872534847988,-0.39668725348479883,-0.0003914913482902874,0.00013135642634326433
7.700000000000001,-0.00028023710584113286,-0.28023710584113287,-0.0003817710281269731,0.00014101191796893822
7.750000000000002,-0.00023924436955201752,-0.23924436955201753,-0.000368348832439413,0.0001296457141315973
7.800000000000002,-0.00018530650364265134,-0.18530650364265133,-0.00035137604416341135,9.30987079773006e-05
7.850000000000001,-0.00024887862649454576,-0.24887862649454576,-0.0003310519350511824,3.40864000643423e-05
7.900000000000001,-0.000357131210654051,-0.357131210654051,-0.0003076198458624584,-3.764472469953894e-05
7.950000000000001,-0.0005179011406916696,-0.5179011406916696,-0.00028136271612579696,-0.00010751205796528292
8.000000000000002,-0.0005123414845616636,-0.5123414845616636,-0.0002525979974905321,-0.00016007315381628387
8.05,-0.00044875024292898355,-0.4487502429289836,-0.00022167187215422633,-0.00018353786853678316
8.100000000000001,-0.00039317710886638794,-0.39317710886638796,-0.00018895272608424163,-0.00017332813554227062
8.150000000000002,-0.00035119884652532634,-0.35119884652532635,-0.00015482389382489241,-0.00013348893397933592
8.200000000000001,-0.00025223580417713625,-0.25223580417713626,-0.00011967578191253108,-7.547067967333212e-05
8.250000000000002,-0.00011799703492560522,-0.11799703492560522,-8.389757209163656e-05,-1.4682355117953916e-05
8.3,6.980500858652964e-05,0.06980500858652965,-4.7868788527512216e-05,3.405203377632842e-05
8.350000000000001,8.434560347576406e-05,0.08434560347576406,-1.195107330799911e-05,6.066329956679356e-05
8.400000000000002,6.43651182248665e-05,0.0643651182248665,2.3519458919077696e-05,6.23330381350472e-05
8.450000000000001,8.047347840838984e-05,0.08047347840838984,5.823892907822465e-05,4.3626871279079367e-05
8.500000000000002,7.79418868510333e-05,0.0779418868510333,9.194115347706391e-05,1.4398031800901884e-05
8.55,9.416261195320222e-05,0.09416261195320222,0.00012440161101785754,-1.3680559986493405e-05
8.600000000000001,0.00010710574407058508,0.10710574407058508,0.00015543974531976868,-3.072644268314076e-05
8.650000000000002,0.00016691552017839852,0.16691552017839853,0.00018491949764814965,-3.12587785049134e-05
8.700000000000001,0.000254796295620394,0.254796295620394,0.0002127480295461042,-1.5141399486760285e-05
8.750000000000002,0.000340176549282667,0.340176549282667,0.00023887265365074773,1.316635892031376e-05
8.8,0.0003819069530180047,0.3819069530180047,0.00026327605212917923,4.651337341728996e-05
8.850000000000001,0.0003620681729218141,0.3620681729218141,0.00028596993028302955,7.72981991586464e-05
8.900000000000002,0.0003420297289767783,0.3420297289767783,0.0003069873309080591,9.930057560683948e-05
8.950000000000001,0.00033144551513550487,0.33144551513550485,0.00032637391894788944,0.00010868631734823578
9.000000000000002,0.00034561085975367975,0.3456108597536798,0.00034417862562743413,0.00010417579749500823
9.050000000000002,0.000357726179805496,0.35772617980549604,0.00036044410530313505,8.665976791876631e-05
9.100000000000001,0.000361572789101001,0.361572789101001,0.00037519749973982197,5.862420830704182e-05
9.150000000000002,0.0003477326045521847,0.3477326045521847,0.00038844202199985557,2.3628781830395317e-05
9.200000000000001,0.0003258178015633141,0.3258178015633141,0.0004001498669976576,-1.4115600553522937e-05
9.250000000000002,0.0002970483443961556,0.2970483443961556,0.0004102569288838917,-5.017150589603598e-05
9.300000000000002,0.00023608132061213967,0.23608132061213966,0.0004186597558301494,-8.041472661568668e-05
9.350000000000001,0.00012028375250863414,0.12028375250863414,0.0004252150983413781,-0.0001016833660171081
9.400000000000002,7.705380486349352e-05,0.07705380486349352,0.00042974230525411365,-0.00011236898287913754
9.450000000000001,0.00014282490915815515,0.14282490915815516,0.00043202868937664625,-0.0001126954413530083
9.500000000000002,0.0002862700194253048,0.28627001942530483,0.00043183782235369617,-0.00010449747725600487
9.550000000000002,0.0003715729265197993,0.3715729265197993,0.00042892053436337853,-9.051567583071632e-05
9.600000000000001,0.0003561286857499115,0.35612868574991147,0.0004230282086252263,-7.345741337461692e-05
9.650000000000002,0.00030976931056334343,0.30976931056334345,0.0004139277981055715,-5.519525645973607e-05
9.700000000000001,0.00030256404188296277,0.30256404188296276,0.0004014178689253281,-3.6410079352847005e-05
9.750000000000002,0.0003410408969551437,0.3410408969551437,0.00038534489370851505,-1.6773848982030954e-05
9.800000000000002,0.00039675477466764793,0.3967547746676479,0.0003656189714262358,4.472626893277802e-06
9.850000000000001,0.0004462837142697371,0.4462837142697371,0.00034222813364488414,2.7836663006721934e-05
9.900000000000002,0.00043124654210413885,0.4312465421041389,0.0003152504137971108,5.307030143597429e-05
9.950000000000001,0.0004546809346752357,0.4546809346752357,0.0002848629133864642,7.900424484473222e-05
10.000000000000002,0.00044280089564479116,0.44280089564479114,0.00025134720092056433,0.00010370533528293553
10.050000000000002,0.0004619082927788592,0.4619082927788592,0.00021509052345910573,0.00012481172673181875
10.100000000000001,0.00042067832584846064,0.42067832584846065,0.00017658249025135622,0.00013986163192495035
10.150000000000002,0.0003468255042098849,0.3468255042098849,0.00013640709513126027,0.0001464955458413809
10.200000000000001,0.0002676276472374698,0.2676276472374698,9.523017036948859e-05,0.0001425395036945663
10.250000000000002,0.00017095412953961308,0.1709541295396131,5.378259808398579e-05,0.00012609707393448325
10.300000000000002,0.00012055186362436041,0.1205518636243604,1.2839831558197846e-05,9.581803389132978e-05
10.350000000000001,6.214444471314331e-05,0.06214444471314331,-2.6801516942807967e-05,5.1436489534514325e-05
10.400000000000002,-7.568465744020711e-05,-0.07568465744020711,-6.434909459267926e-05,-5.49419019515418e-06
10.450000000000001,-0.0002640887839217671,-0.2640887839217671,-9.904117569345457e-05,-7.092027333624348e-05
10.500000000000002,-0.00039698842314259684,-0.39698842314259686,-0.00013017283941852076,-0.00013801128156017486
10.550000000000002,-0.00045906691600699134,-0.45906691600699134,-0.0001571207928161312,-0.00019760420373939456
10.600000000000001,-0.0004822753768865961,-0.4822753768865961,-0.00017936571549069074,-0.00023951122877491525
10.650000000000002,-0.0005249450497903532,-0.5249450497903533,-0.00019651111399972312,-0.0002545662287247931
10.700000000000001,-0.0005658699729668147,-0.5658699729668147,-0.00020829784833400664,-0.00023699405479586525
10.750000000000002,-0.000571994478253359,-0.571994478253359,-0.0002146137143658339,-0.0001864616212465514
10.800000000000002,-0.00047364035044374076,-0.47364035044374075,-0.00021549771879177292,-0.00010910670635476997
10.850000000000001,-0.0003210406083109614,-0.32104060831096143,-0.00021113895279440748,-1.7009208416325796e-05
10.900000000000002,-0.0002000193702182304,-0.2000193702182304,-0.00020187024160907245,7.403224018239754e-05
10.950000000000001,-0.00012745147166576848,-0.12745147166576848,-0.00018815699861037444,0.00014802791069391932
11.000000000000002,-4.081306000158777e-05,-0.04081306000158777,-0.0001705819221210429,0.00019275468679038311
11.050000000000002,3.174154568392467e-05,0.03174154568392467,-0.00014982632511885107,0.00020300935129126518
11.100000000000001,9.914609625914313e-05,0.09914609625914313,-0.00012664897751483593,0.0001821029506304058
11.150000000000002,8.886998925179306e-05,0.08886998925179307,-0.00010186337101912921,0.00014097433300302162
11.200000000000003,6.225782648808305e-05,0.06225782648808305,-7.631429471424352e-05,9.49856174700388e-05
11.250000000000002,4.294675698832182e-05,0.042946756988321816,-5.085454478747206e-05,5.9205065255437704e-05
11.300000000000002,8.956377160550968e-05,0.08956377160550968,-2.6322497222655742e-05,4.35443899710262e-05
11.350000000000001,0.00012369933429035756,0.12369933429035755,-3.521161512927411e-06,4.928933629970348e-05
11.400000000000002,0.00015321258643266557,0.15321258643266555,1.680078345168846e-05,6.824710193262765e-05
11.450000000000003,0.00016963059832396745,0.16963059832396746,3.3965590003552685e-05,8.499356397736201e-05
11.500000000000002,0.0001953234925987638,0.1953234925987638,4.738042097728177e-05,8.174695394492305e-05
11.550000000000002,0.0001959086878009209,0.1959086878009209,5.65485768114158e-05,4.4516537393383406e-05
11.600000000000001,0.00014675067173823927,0.14675067173823927,6.107796721222147e-05,-3.133698182191771e-05
11.650000000000002,1.728409652873104e-05,0.01728409652873104,6.068694690537847e-05,-0.00013794692875256448
11.700000000000003,-0.0001788651835850206,-0.1788651835850206,5.520774489400419e-05,-0.00025538166936392665
11.750000000000002,-0.00034222925252420835,-0.3422292525242083,4.458780110401121e-05,-0.00035582749556046026
11.800000000000002,-0.0004420430780496013,-0.4420430780496013,2.8889366600105992e-05,-0.0004105192929979158
11.850000000000001,-0.0004547808191708525,-0.4547808191708525,8.287708018675668e-06,-0.00039755405704421044
11.900000000000002,-0.00042789071350361236,-0.42789071350361235,-1.6931822566651516e-05,-0.0003084049933862594
11.950000000000003,-0.00017925896176744263,-0.17925896176744263,-4.6377724796942726e-05,-0.00015128893308386123
12.000000000000002,-0.00010345654213536619,-0.10345654213536619,-7.955732949827275e-05,4.958923464698807e-05
12.050000000000002,0.0002442968729222185,0.24429687292221852,-0.00011588301276042995,0.0002587662201731931
12.100000000000001,0.0002574012032953429,0.2574012032953429,-0.00015467995071311234,0.000437038615739111
12.150000000000002,0.0002511042218206155,0.25110422182061554,-0.00019519576088202636,0.0005499225490583695
12.200000000000003,0.00012025733386398213,0.12025733386398213,-0.00023661232638914193,0.0005750620286148286
12.250000000000002,6.604508033261007e-05,0.06604508033261007,-0.0002780599665587689,0.0005069351295087514
12.300000000000002,8.865741294637294e-05,0.08865741294637294,-0.00031863392786947057,0.0003578820394353722
12.350000000000001,-9.45251825724393e-05,-0.0945251825724393,-0.0003574129559036348,0.0001552979422219658
12.400000000000002,-0.0003502124007790511,-0.3502124007790511,-0.0003934794983197761,-6.435495102805741e-05
12.450000000000003,-0.0005732315643926982,-0.5732315643926982,-0.00042594089887564636,-0.0002633695859932744
12.500000000000002,-0.0007796137575042696,-0.7796137575042695,-0.000453950792274465,-0.0004106462096423068
12.550000000000002,-0.001019443749807514,-1.019443749807514,-0.00047672982364365616,-0.0004876849213134215
12.600000000000001,-0.0010337989082674665,-1.0337989082674666,-0.0004935848167599501,-0.0004912241982957292
12.650000000000002,-0.0009158373227836021,-0.9158373227836021,-0.0005039256105928882,-0.0004318978861717121
12.700000000000003,-0.0007731668498646029,-0.7731668498646029,-0.0005072789652441757,-0.00032943677723108446
12.750000000000002,-0.0005997662780471384,-0.5997662780471384,-0.0005032991783603781,-0.0002060331983683961
12.800000000000002,-0.00035663569908655866,-0.3566356990865587,-0.0004917753106237143,-8.011177628978528e-05
12.850000000000001,-0.0002032185599293124,-0.2032185599293124,-0.0004726351513840586,3.7389150237137486e-05
12.900000000000002,-0.0001249293238971658,-0.12492932389716581,-0.00044594623012414545,0.00014305548074892825
12.950000000000003,-0.00013703694913734085,-0.13703694913734085,-0.00041191427849407577,0.0002376272342940814
13.000000000000002,-0.0001398705030160222,-0.1398705030160222,-0.00037087956989999776,0.00032091042813437804
13.050000000000002,-0.00018265363870034035,-0.18265363870034035,-0.00032331152383804744,0.0003874647062897117
13.100000000000003,-1.8985998157651306e-05,-0.018985998157651306,-0.0002698018850834057,0.00042535148286825707
13.150000000000002,0.00014717705311919545,0.14717705311919546,-0.00021105669726053346,0.0004189989301079141
13.200000000000003,0.0003017446874539099,0.30174468745390987,-0.000147887198804404,0.00035543294156330956
13.250000000000002,0.000461346426557546,0.46134642655754604,-8.119967493460024e-05,0.0002314816099666037
13.300000000000002,0.00029919872318160626,0.2991987231816063,-1.198419231020266e-05,5.8827159646812843e-05
13.350000000000003,-0.000318888190475554,-0.318888190475554,5.869797971530012e-05,-0.00013564829364147663
13.400000000000002,-0.0005435987913731987,-0.5435987913731987,0.0001297285775375831,-0.0003150615817342448
13.450000000000003,-0.0006639161996353396,-0.6639161996353395,0.00019994856937921959,-0.0004419442720562472
13.500000000000002,-0.0002000376596531348,-0.2000376596531348,0.00026817675255086924,-0.0004888481936882793
13.550000000000002,2.5911026394079488e-05,0.025911026394079488,0.0003332309045321019,-0.00044658255524988475
13.600000000000003,-5.378980982263781e-05,-0.05378980982263781,0.0003939513883218401,-0.00032732322024820495
13.650000000000002,0.0005451744951283843,0.5451744951283843,0.0004492267868865947,-0.00016156705234627496
13.700000000000003,0.0009611435367591533,0.9611435367591533,0.0004980208410671768,1.0123888109294803e-05
13.750000000000002,0.0004789986368137968,0.4789986368137968,0.000539399734569601,0.0001481031283143045
13.800000000000002,0.0005021421202115636,0.5021421202115636,0.0005725586330009479,0.0002241796214698531
13.850000000000003,0.0005747770001526186,0.5747770001526187,0.0005968463448382738,0.00022881868815433873
13.900000000000002,0.0008174114739076894,0.8174114739076894,0.0006117870051330386,0.0001731046571020467
13.950000000000003,0.0014155085274638222,1.4155085274638222,0.0006170977522856755,8.49395191469559e-05
14.000000000000002,0.001185914687784376,1.185914687784376,0.0006127014678831691,3.9991727571177477e-07
14.050000000000002,0.000816252246521425,0.8162522465214249,0.0005987338077017199,-4.751241953119811e-05
14.100000000000003,0.0003329190297835384,0.33291902978353843,0.0005755439926619344,-3.955304046649938e-05
14.150000000000002,0.00044944329230385874,0.44944329230385877,0.0005436891306334768,2.3036279293054112e-05
14.200000000000003,0.0003921774658117764,0.3921774658117764,0.0005039221400047441,0.00011829006584213468
14.250000000000002,0.0007343180523383549,0.7343180523383549,0.0004571735856335066,0.00021038610740202343
14.300000000000002,0.0009603170182794362,0.9603170182794362,0.0004045279075706818,0.0002617401957232547
14.350000000000003,0.0009156688461631356,0.9156688461631356,0.0003471946600324426,0.0002463329640822468
14.400000000000002,0.0009858359001501346,0.9858359001501346,0.0002864755319693114,0.00015948010042540634
14.450000000000003,0.00048452746319901246,0.48452746319901246,0.0002237281198788663,2.0290753728785315e-05
14.500000000000002,-0.00018183881708585598,-0.18183881708585597,0.00016032766016382078,-0.0001343326336077677
14.550000000000002,-0.0006789090056780715,-0.6789090056780716,9.762815732546382e-05,-0.00026208645124384716
14.600000000000003,-0.0007427688467150942,-0.7427688467150941,3.692449545871308e-05,-0.00032948025465890296
14.650000000000002,-0.0005143570836717401,-0.5143570836717402,-2.058287448819212e-05,-0.00032259664216861334
14.700000000000003,-0.00021377491947261812,-0.21377491947261812,-7.38192484846286e-05,-0.00025054195073844605
14.750000000000002,9.072887556308502e-05,0.09072887556308502,-0.00012186186882409084,-0.0001406727945634116
14.800000000000002,-0.00013679433321188309,-0.13679433321188308,-0.0001639602577027914,-2.7866452965623798e-05
14.850000000000003,-0.00018929273461489894,-0.18929273461489896,-0.0001995502711624035,5.7798499280297164e-05
14.900000000000002,-0.00026345067262286846,-0.2634506726228685,-0.00022826172927975334,0.00010034662676877767
14.950000000000003,-0.00034041751726557453,-0.3404175172655745,-0.00024991968702768304,0.00010114338057914919
15.000000000000004,-0.0003965838548303414,-0.39658385483034136,-0.00026453958840206914,7.557237504241947e-05
15.050000000000002,-0.00042217485772717736,-0.42217485772717733,-0.00027231671860364614,4.5132982828888635e-05
15.100000000000003,-0.0003466486871752939,-0.3466486871752939,-0.00027361054231867025,2.8403007542228783e-05
15.150000000000002,-0.00012582879336528883,-0.12582879336528882,-0.0002689246854672285,3.4325115128677365e-05
15.200000000000003,5.957165273688459e-05,0.05957165273688459,-0.00025888347052698533,5.999639232840887e-05
15.250000000000004,0.00011315333789527147,0.11315333789527147,-0.0002442060313541186,9.320196078445173e-05
15.300000000000002,3.5756040205953605e-05,0.035756040205953604,-0.00022567908886347222,0.00011815379132266288
15.350000000000003,-5.224592745189181e-05,-0.052245927451891806,-0.0002041294500595205,0.00012192902078983443
15.400000000000002,-8.180870816684556e-05,-0.08180870816684556,-0.00018039720659174756,9.919290015356247e-05
15.450000000000003,-7.871787135065227e-06,-0.007871787135065226,-0.0001553104805122386,5.373794881252364e-05
15.500000000000004,3.033893623670697e-05,0.03033893623670697,-0.00012966242211312186,-3.3132342760945773e-06
15.550000000000002,-7.326243987479993e-06,-0.007326243987479993,-0.0001041910229972378,-5.7631994597156524e-05
15.600000000000003,-3.057111038389134e-05,-0.03057111038389134,-7.95621681410107e-05,-9.647960800308681e-05
15.650000000000002,-4.689204872768354e-06,-0.004689204872768355,-5.635621098985781e-05,-0.00011251346917903706
15.700000000000003,3.547719369815685e-05,0.03547719369815685,-3.505821801079309e-05,-0.00010547422573933886
15.750000000000004,3.185251082690729e-05,0.031852510826907286,-1.6051899922588183e-05,-8.144921035069731e-05
15.800000000000002,1.4315810133884005e-05,0.014315810133884005,3.828700136467585e-07,-5.022275578351011e-05
15.850000000000003,1.9744560300099505e-05,0.019744560300099506,1.4069154452693579e-05,-2.1773042346275435e-05
15.900000000000002,2.1747444851924076e-05,0.021747444851924078,2.4928962048275193e-05,-3.122569782104258e-06
15.950000000000003,5.244072409847543e-05,0.05244072409847543,3.297653935814487e-05,3.4946194551266834e-06
16.000000000000004,8.493966506119362e-05,0.08493966506119363,3.830937200149569e-05,6.962110974538158e-07
16.050000000000004,1.7736752657289095e-05,0.017736752657289096,4.10973621106845e-05,-5.611347383632606e-06
16.1,-1.571819990836459e-05,-0.01571819990836459,4.157067346049947e-05,-8.776997155803168e-06
16.150000000000002,-2.9190712745569745e-05,-0.029190712745569745,4.000674551375691e-05,-4.016102844718605e-06
16.200000000000003,-1.720886406886618e-05,-0.01720886406886618,3.671697030912859e-05,9.793756556677324e-06
16.250000000000004,1.3023746418749006e-05,0.013023746418749005,3.203349821865145e-05,2.97002708765549e-05
16.300000000000004,5.2439932286777173e-05,0.05243993228677717,2.6296590847304622e-05,4.97278419101926e-05
16.35,7.668122780899182e-05,0.07668122780899182,1.9842878119703115e-05,6.298003748427348e-05
16.400000000000002,3.482347075173113e-05,0.03482347075173113,1.29948108914355e-05,6.404706609226052e-05
16.450000000000003,3.84478110601932e-05,0.0384478110601932,6.051537464673905e-06,5.090535169444612e-05
16.500000000000004,1.765638563626266e-05,0.01765638563626266,-7.18625185965413e-07,2.5702696094363315e-05
16.550000000000004,-3.3774211606099227e-06,-0.0033774211606099227,-7.084008629145452e-06,-5.785553301556661e-06
16.6,-5.475930818008212e-05,-0.05475930818008212,-1.2853635421222458e-05,-3.580950287117438e-05
16.650000000000002,-7.782532024353726e-05,-0.07782532024353726,-1.7879479203562468e-05,-5.6853828324965814e-05
16.700000000000003,-4.0805668647137875e-05,-0.040805668647137874,-2.205699377320702e-05,-6.371611686174075e-05
16.750000000000004,1.9579643289494607e-05,0.019579643289494606,-2.5324024820179796e-05,-5.4858819570469686e-05
16.800000000000004,4.242283314317754e-05,0.04242283314317754,-2.7658281063345542e-05,-3.2704307084088705e-05
16.85,4.399590286180519e-05,0.04399590286180519,-2.907359801443332e-05,-2.8755534165603966e-06
16.900000000000002,6.790769870374497e-05,0.06790769870374497,-2.9615268777169002e-05,2.732887855340445e-05
16.950000000000003,7.975320498588697e-05,0.07975320498588696,-2.9354736873666723e-05,5.0774309825593104e-05
17.000000000000004,6.911531153753952e-05,0.06911531153753951,-2.8383946200777634e-05,6.217157800300779e-05
17.050000000000004,8.942814779404896e-05,0.08942814779404895,-2.680962596657611e-05,5.9220530887745134e-05
17.1,0.00011692028290658501,0.11692028290658502,-2.4747757261269277e-05,4.2993073996117407e-05
17.150000000000002,9.16172632013827e-05,0.0916172632013827,-2.2318425695610813e-05,1.7514596566705295e-05
17.200000000000003,3.3682299944538066e-05,0.033682299944538065,-1.9641213779897888e-05,-1.1323005899351637e-05
17.250000000000004,-1.1408223431783308e-05,-0.011408223431783309,-1.6831230486223022e-05,-3.7238203797970787e-05
17.300000000000004,-3.371362293009305e-05,-0.03371362293009305,-1.3995819298842425e-05,-5.50573910592126e-05
17.35,-5.7596185417636135e-05,-0.057596185417636135,-1.1231937968091612e-05,-6.18565383583705e-05
17.400000000000002,-5.764262546058525e-05,-0.057642625460585246,-8.624169992030825e-06,-5.74625373947956e-05
17.450000000000003,-3.4932295066557224e-05,-0.03493229506655723,-6.243311906444341e-06,-4.420749685133738e-05
17.500000000000004,1.8838086647680684e-05,0.018838086647680684,-4.1454794202065454e-06,-2.6044458306233855e-05
17.550000000000004,4.027238279022484e-05,0.04027238279022484,-2.371683882561251e-06,-7.317731810105361e-06
17.6,3.048230844216995e-05,0.030482308442169953,-9.478415957763699e-07,8.428411222521551e-06
17.650000000000002,4.661295804555362e-06,0.004661295804555363,1.1481419094954698e-07,1.9255385254268263e-05
17.700000000000003,-2.3229391256370788e-05,-0.023229391256370788,8.189478031964784e-07,2.5050735953807254e-05
17.750000000000004,2.96071396028895e-05,0.0296071396028895,1.1799944767070942e-06,2.716340339057487e-05
17.800000000000004,8.97836263489125e-05,0.0897836263489125,1.2247274325769098e-06,2.7630585383557652e-05
17.85,9.273255750244736e-05,0.09273255750244735,9.895539809376682e-07,2.8273737277366584e-05
17.900000000000002,3.4277472019143536e-05,0.03427747201914354,5.185773675151453e-07,2.995291040395716e-05
17.950000000000003,3.5887958807095296e-06,0.0035887958807095297,-1.3853158087034692e-07,3.220751866417915e-05
18.000000000000004,3.717321564298347e-05,0.03717321564298347,-9.287955252184931e-07,3.339922638643952e-05
18.050000000000004,5.3556965409945786e-05,0.053556965409945784,-1.7982530062426269e-06,3.1326588670794725e-05
18.100000000000005,5.404068517051915e-05,0.054040685170519145,-2.6942619615364846e-06,2.4127769309994514e-05
18.150000000000002,3.075899448050786e-06,0.003075899448050786,-3.5677008050605264e-06,1.1172412482413943e-05
18.200000000000003,2.255471508758063e-05,0.02255471508758063,-4.374982571605504e-06,-6.383710214432203e-06
18.250000000000004,2.577391504484203e-05,0.02577391504484203,-5.079797983801687e-06,-2.5622230064563313e-05
18.300000000000004,2.8483434176269083e-05,0.028483434176269085,-5.654506758912157e-06,-4.252332348543831e-05
18.350000000000005,-7.562751914792013e-05,-0.07562751914792012,-6.081104635552162e-06,-5.310039746450775e-05
18.400000000000002,-8.100652848546893e-05,-0.08100652848546894,-6.3517065903034784e-06,-5.465415393294028e-05
18.450000000000003,-5.6809575384220024e-05,-0.056809575384220025,-6.468505717148469e-06,-4.671139532450048e-05
18.500000000000004,-3.433027553655649e-06,-0.003433027553655649,-6.443195242336688e-06,-3.129114731910905e-05
18.550000000000004,5.005485698681529e-05,0.05005485698681529,-6.295878542963154e-06,-1.2363912198990042e-05
18.600000000000005,4.8100422271088285e-05,0.04810042227108829,-6.05353271621962e-06,5.34078090998942e-06
18.650000000000002,1.1816321712963139e-05,0.01181632171296314,-5.748125280343926e-06,1.7783687790000852e-05
18.700000000000003,4.3691724540834e-05,0.043691724540834,-5.4145040928176464e-06,2.2832419332619945e-05
18.750000000000004,6.0962112672603835e-05,0.06096211267260383,-5.088187452242728e-06,2.083758913652923e-05
18.800000000000004,4.326885189134586e-05,0.04326885189134586,-4.803178740144361e-06,1.438223040693824e-05
18.850000000000005,2.292190394821274e-05,0.02292190394821274,-4.589921189859911e-06,7.297709336095502e-06
18.900000000000002,1.3852878756238045e-05,0.013852878756238045,-4.473494546674818e-06,3.2837198747249267e-06
18.950000000000003,2.336406454601773e-05,0.023364064546017728,-4.47213782557281e-06,4.599768856581521e-06
19.000000000000004,4.258754058241328e-05,0.042587540582413284,-4.5961637040172335e-06,1.1267697971729195e-05
19.050000000000004,4.9916393535812595e-05,0.04991639353581259,-4.847312117342725e-06,2.1048811124143796e-05
19.100000000000005,6.188244872965368e-05,0.061882448729653684,-5.218572630245026e-06,3.019672926849747e-05
19.150000000000002,6.649428576325471e-05,0.06649428576325471,-5.694484948775924e-06,3.472927314769107e-05
19.200000000000003,2.758891815698022e-05,0.027588918156980217,-6.251903082593685e-06,3.179575699021875e-05
19.250000000000004,3.460492957728734e-05,0.03460492957728734,-6.861181771725614e-06,2.069164489373915e-05
19.300000000000004,2.20295843181806e-05,0.0220295843181806,-7.487716477235161e-06,3.1927656132605057e-06
19.350000000000005,1.5980904789526145e-05,0.015980904789526143,-8.093744065560235e-06,-1.6897355719930377e-05
19.400000000000002,-2.3324572481443648e-05,-0.023324572481443647,-8.640293150572585e-06,-3.484248461726595e-05
19.450000000000003,-6.71254829562798e-05,-0.0671254829562798,-9.089162402475877e-06,-4.6362799832067684e-05
19.500000000000004,-6.94892388887462e-05,-0.0694892388887462,-9.404803308047909e-06,-4.887680630088764e-05
19.550000000000004,-4.287661838532616e-05,-0.04287661838532616,-9.555992924234226e-06,-4.220440963541767e-05
19.600000000000005,-1.9349529925031733e-05,-0.019349529925031732,-9.517203334180826e-06,-2.8519952353387194e-05
19.650000000000002,-2.775540766523997e-07,-0.0002775540766523997,-9.269605538068151e-06,-1.1595455844361142e-05
19.700000000000003,1.094683304329512e-05,0.01094683304329512,-8.801680452305197e-06,4.392472497585553e-06
19.750000000000004,2.0620504818533295e-05,0.020620504818533295,-8.109441957008728e-06,1.6086905394326875e-05
19.800000000000004,2.8198543375654235e-05,0.028198543375654236,-7.196302420578204e-06,2.1813707536751257e-05
19.850000000000005,2.606551504146717e-05,0.02606551504146717,-6.072628808810484e-06,2.1836466969141156e-05
19.900000000000002,2.9705872875901795e-05,0.029705872875901793,-4.755048098041419e-06,1.7975647485383147e-05
19.950000000000003,3.664278968377728e-06,0.0036642789683777282,-3.2655656041223385e-06,1.2777815727697973e-05
20.000000000000004,2.1403712928820962e-06,0.002140371292882096,-1.630560643462318e-06,8.555403390304641e-06
20.050000000000004,5.217061964737177e-05,0.05217061964737177,1.2027745531145697e-07,6.63181007742962e-06
20.100000000000005,6.726917168924669e-05,0.06726917168924669,1.9550121570035464e-06,7.024093314326958e-06
20.150000000000002,2.9218444759285198e-05,0.029218444759285197,3.8404639438803595e-06,8.62224020882134e-06
20.200000000000003,4.264011834321021e-05,0.04264011834321021,5.743105509768073e-06,9.749435235139488e-06
20.250000000000004,4.307940985733451e-05,0.043079409857334515,7.62980932551873e-06,8.873272311133626e-06
20.300000000000004,5.038608823983829e-05,0.05038608823983829,9.46842416382907e-06,5.213025206903121e-06
20.350000000000005,4.937777535554626e-05,0.04937777535554626,1.122817289011289e-05,-9.526231920116554e-07
20.400000000000002,3.101258029834518e-05,0.031012580298345176,1.2879878700470533e-05,-8.358579946243735e-06
20.450000000000003,1.9500288856448848e-05,0.019500288856448847,1.4396040889643324e-05,-1.5158767304526472e-05
20.500000000000004,1.8707854803192763e-05,0.018707854803192762,1.5750793450759468e-05,-1.9512160240682077e-05
20.550000000000004,2.3912380509444002e-05,0.023912380509444,1.6919788615985243e-05,-2.0151202341736916e-05
20.600000000000005,4.4146808650000965e-05,0.044146808650000965,1.7880051397996615e-05,-1.6755768252151075e-05
20.650000000000002,2.8259427395835982e-05,0.028259427395835982,1.8609850460720593e-05,-1.0031568762436519e-05
20.700000000000003,1.672747677586282e-05,0.01672747677586282,1.90886269100242e-05,-1.4909917257410786e-06
20.750000000000004,1.645851502880138e-05,0.016458515028801378,1.9297017461859122e-05,6.977182232326852e-06
20.800000000000004,4.5559599415447035e-05,0.04555959941544704,1.9217002097327126e-05,1.3608992045159237e-05
20.850000000000005,7.881176102420477e-05,0.07881176102420477,1.883219812209969e-05,1.7188125358509298e-05
20.900000000000002,4.164503788648175e-05,0.04164503788648175,1.8128313134890467e-05,1.7275785709076454e-05
20.950000000000003,8.71826941461372e-06,0.008718269414613719,1.709376116730157e-05,1.4202068174328095e-05
21.000000000000004,4.105835676190349e-06,0.004105835676190349,1.5720440790136222e-05,8.855697903582136e-06
21.050000000000004,9.031077290283605e-06,0.009031077290283605,1.4004669526774174e-05,2.3735083886460623e-06
21.100000000000005,2.2642374447204076e-05,0.022642374447204076,1.1948261711593293e-05,-4.149959911445665e-06
21.150000000000002,7.479555479473065e-06,0.007479555479473065,9.559725227298341e-06,-9.844715679963156e-06
21.200000000000003,-1.671534841159376e-05,-0.01671534841159376,6.855538111083678e-06,-1.4114418043449394e-05
21.250000000000004,-6.2319382002133025e-06,-0.006231938200213303,3.861451635245264e-06,-1.65879531032286e-05
21.300000000000004,4.8187305632459734e-06,0.0048187305632459735,6.137532802060669e-07,-1.7041684533016447e-05
21.350000000000005,3.439837826270973e-05,0.03439837826270973,-2.8395891154961177e-06,-1.535656714242509e-05
21.400000000000002,-2.1586479305725514e-05,-0.021586479305725513,-6.437990991148872e-06,-1.1540598787884723e-05
21.450000000000003,-3.923929980343121e-05,-0.03923929980343121,-1.010761758174184e-05,-5.800854547720977e-06
21.500000000000004,-1.9968215872825196e-05,-0.019968215872825195,-1.3761149234252688e-05,1.3860611600164183e-06
21.550000000000004,5.445952908165468e-05,0.05445952908165468,-1.7298038384684746e-05,9.259972234394551e-06
21.600000000000005,8.106581364262717e-05,0.08106581364262717,-2.0605345580345702e-05,1.6842814247243333e-05
21.650000000000002,5.564493328430188e-05,0.05564493328430188,-2.3559231535359755e-05,2.306299681335822e-05
21.700000000000003,2.4890918642423308e-05,0.024890918642423307,-2.602716136395103e-05,2.6894073301760458e-05
21.750000000000004,1.792983321290807e-05,0.01792983321290807,-2.787084317142069e-05,2.7477368334404543e-05
21.800000000000004,2.4829392724008826e-05,0.024829392724008827,-2.8949879976289926e-05,2.4232908650281486e-05
21.850000000000005,3.6968328501541164e-05,0.036968328501541164,-2.9126068898743626e-05,1.6983778916595736e-05
21.900000000000002,1.889122372447573e-05,0.018891223724475728,-2.826823995186392e-05,6.103615525153332e-06
21.950000000000003,-2.694942824945162e-06,-0.0026949428249451617,-2.625748986701506e-05,-7.3474309116687666e-06
22.000000000000004,1.5641732376268689e-07,0.00015641732376268688,-2.2992634038076307e-05,-2.1576751684501984e-05
22.050000000000004,1.645060957100136e-05,0.01645060957100136,-1.8395673148865597e-05,-3.419341588108809e-05
22.100000000000005,-3.200802115236878e-05,-0.03200802115236878,-1.241705276976883e-05,-4.257487667126654e-05
22.150000000000006,-4.1587526653040467e-05,-0.04158752665304047,-5.040485905662319e-06,-4.443756829342544e-05
22.200000000000003,-7.155542491014086e-05,-0.07155542491014086,3.7128889009261878e-06,-3.848628990375517e-05
22.250000000000004,-2.2431993616155316e-05,-0.022431993616155315,1.3781226242040306e-05,-2.494854244944102e-05
22.300000000000004,5.019499878116177e-05,0.050194998781161765,2.5059752636000857e-05,-5.796898052966512e-06
22.350000000000005,0.00010273535690430237,0.10273535690430237,3.7399747532900305e-05,1.5464946308522814e-05
22.400000000000006,9.581698857099327e-05,0.09581698857099327,5.0608821683087586e-05,3.445477412865975e-05
22.450000000000003,5.240613498316116e-05,0.052406134983161164,6.44525440183818e-05,4.688043322671152e-05
22.500000000000004,7.533201011293447e-05,0.07533201011293447,7.865743194783124e-05,4.961155662590855e-05
22.550000000000004,9.992064352121684e-05,0.09992064352121684,9.291528922100183e-05,4.1599369164242774e-05
22.600000000000005,0.00012197028133507916,0.12197028133507916,0.00010688884430586052,2.439305530301399e-05
22.650000000000006,0.0001181796331790918,0.11817963317909179,0.00012021860725708821,2.0529933567625555e-06
22.700000000000003,9.862247775819178e-05,0.09862247775819177,0.00013253082580657563,-1.962769598798386e-05
22.750000000000004,0.00010510376829847089,0.10510376829847089,0.00014344638474594957,-3.451087818908166e-05
22.800000000000004,0.00012903754866548385,0.12903754866548384,0.0001525904572650494,-3.7827956922623154e-05
22.850000000000005,0.00015105349516373825,0.15105349516373826,0.00015960268184904037,-2.77719789322568e-05
22.900000000000006,0.00015214919796328408,0.15214919796328408,0.00016414760411151717,-6.45629915200459e-06
22.950000000000003,0.0001473142743319791,0.1473142743319791,0.00016592509260523162,2.017651120054999e-05
23.000000000000004,0.00018231685036672993,0.18231685036672993,0.00016468041493810634,4.365434503149598e-05
23.050000000000004,0.0002440016684826068,0.2440016684826068,0.00016021364779890082,5.527374927497008e-05
23.100000000000005,0.0003042317753988861,0.30423177539888613,0.0001523880935188693,4.881345776203854e-05
23.150000000000006,0.0002600501131190225,0.2600501131190225,0.00014113738998456808,2.284146588040652e-05
23.200000000000003,0.00014607929376956585,0.14607929376956585,0.00012647103462200217,-1.8191313709149663e-05
23.250000000000004,6.96584327250008e-05,0.0696584327250008,0.00010847809749244592,-6.457165962730666e-05
23.300000000000004,4.200125827796629e-05,0.04200125827796629,8.732896553158539e-05,-0.0001036411434138788
23.350000000000005,-9.80292559852281e-08,-9.80292559852281e-05,6.327502587679793e-05,-0.00012323411968736097
23.400000000000006,7.5026966329504606e-06,0.007502696632950461,3.6646249967316094e-05,-0.00011525980862614577
23.450000000000003,-2.177903200720419e-05,-0.021779032007204192,7.846679450430481e-06,-7.834751513334807e-05
23.500000000000004,-8.726901117407969e-06,-0.00872690111740797,-2.2652154976788156e-05,-1.870704228640368e-05
23.550000000000004,2.1716601081919122e-05,0.021716601081919123,-5.431982261314612e-05,5.113817268993645e-05
23.600000000000005,4.780120984130429e-05,0.047801209841304294,-8.657749835281727e-05,0.0001154566751571648
23.650000000000006,0.00010889127660322845,0.10889127660322845,-0.00011881025208009631,0.00015939801180910143
23.700000000000003,0.00011232885007206046,0.11232885007206046,-0.0001503809335668616,0.00017288795420671154
23.750000000000004,-5.048488436945754e-06,-0.005048488436945754,-0.00018064539130699877,0.00015319123083875968
23.800000000000004,-0.00012452491546797182,-0.12452491546797181,-0.0002089686733162292,0.00010540556458546585
23.850000000000005,-0.0002022551408849135,-0.2022551408849135,-0.0002347417589087729,4.079423093797674e-05
23.900000000000006,-0.00031744473099379583,-0.31744473099379583,-0.00025739827950096365,-2.6466928149520647e-05
23.950000000000003,-0.0004086024176509992,-0.40860241765099925,-0.0002764306224731335,-8.308663316508972e-05
24.000000000000004,-0.0004468612180937041,-0.4468612180937041,-0.00029140478851475343,-0.00011984821507251059
24.050000000000004,-0.0004516837672967502,-0.4516837672967502,-0.00030197339492070766,-0.00013330946826538086
24.100000000000005,-0.00045518314489882114,-0.45518314489882117,-0.00030788628330150655,-0.00012566679983693095
24.150000000000006,-0.0004359147100057493,-0.43591471000574933,-0.0003089982928315625,-0.00010305010516316528
24.200000000000003,-0.0004092294864837525,-0.40922948648375246,-0.00030527388826141077,-7.299042991753413e-05
24.250000000000004,-0.00034928149354479504,-0.34928149354479504,-0.0002967884733546239,-4.199035714597346e-05
24.300000000000004,-0.0002940562537692515,-0.2940562537692515,-0.00028372636449506834,-1.3984344997089741e-05
24.350000000000005,-0.00026746276992303716,-0.26746276992303714,-0.0002663755368041115,9.924411206378113e-06
24.400000000000006,-0.0002460225112740597,-0.2460225112740597,-0.0002451193784086919,3.056647630233102e-05
24.450000000000003,-0.000224990546454999,-0.224990546454999,-0.00022042579222446445,4.9183998408057936e-05
24.500000000000004,-0.00017165471451279957,-0.17165471451279957,-0.00019283406726555783,6.600798038963495e-05
24.550000000000004,-4.0579352462532304e-05,-0.0405793524625323,-0.00016294000429746108,7.955428281051266e-05
24.600000000000005,5.289260138951552e-05,0.05289260138951552,-0.0001313798240620993,8.691340401563587e-05
24.650000000000006,7.784458489897446e-05,0.07784458489897446,-9.881340697070492e-05,8.48756515780255e-05
24.700000000000003,4.0181071387577016e-05,0.04018107138757702,-6.590740519601395e-05,7.13939576534049e-05
24.750000000000004,5.725886154560021e-05,0.057258861545600205,-3.3318729085634275e-05,4.6773750951346565e-05
24.800000000000004,1.8106433718250258e-05,0.01810643371825026,-1.6788459924783482e-06,1.4116153317505679e-05
24.850000000000005,4.2379771819765436e-05,0.04237977181976544,2.84207459680669e-05,-2.1156977120146295e-05
24.900000000000006,3.753751763017733e-05,0.03753751763017733,5.644158124961297e-05,-5.253695101639774e-05
24.950000000000003,6.533773796363486e-05,0.06533773796363486,8.190960526274809e-05,-7.402514089312509e-05
25.000000000000004,9.759790730193906e-05,0.09759790730193905,0.00010442470113671519,-8.161786121603238e-05
25.050000000000004,0.00013708953937280512,0.1370895393728051,0.00012366824434747138,-7.427870172749124e-05
25.100000000000005,0.00012487748622064905,0.12487748622064905,0.00013940860485784888,-5.417214211140339e-05
25.150000000000006,0.00012828968256492016,0.12828968256492015,0.00015150455392698263,-2.6136227455309336e-05
25.200000000000003,0.00013983765821010079,0.13983765821010077,0.00015990656948761188,3.4508006716639176e-06
25.250000000000004,0.0002084067393838389,0.20840673938383888,0.00016465606948121484,2.813325398093277e-05
25.300000000000004,0.0002489276905155128,0.2489276905155128,0.00016588263570523575,4.283460131427289e-05
25.350000000000005,0.00020116996288552775,0.20116996288552774,0.0001637993228734327,4.4978972325292616e-05
25.400000000000006,0.0001697823384308289,0.1697823384308289,0.00015869618235362664,3.502335339889803e-05
25.450000000000003,0.00015652547837126585,0.15652547837126585,0.00015093216910128308,1.6281327629570923e-05
25.500000000000004,0.00012299132166739886,0.12299132166739886,0.00014092563996653446,-5.914213206190429e-06
25.550000000000004,8.340810741137112e-05,0.08340810741137113,0.0001291436849913716,-2.5506854145139335e-05
25.600000000000005,4.5282738281040094e-05,0.0452827382810401,0.0001160905553803296,-3.7163975587925233e-05
25.650000000000006,4.1297204881921204e-05,0.04129720488192121,0.00010229546057499199,-3.7538176801155786e-05
25.700000000000003,6.9186100977962e-05,0.069186100977962,8.830000218422985e-05,-2.6053970339038533e-05
25.750000000000004,7.742716521164115e-05,0.07742716521164116,7.464549598876354e-05,-5.045617614740068e-06
25.800000000000004,9.009113774480355e-05,0.09009113774480355,6.186040920606281e-05,2.077652827838279e-05
25.850000000000005,7.099126579148642e-05,0.07099126579148642,5.044811508904103e-05,4.5403023076262146e-05
25.900000000000006,9.070882602241002e-05,0.09070882602241001,4.087514619821638e-05,6.290013944870742e-05
25.950000000000003,0.00010678620277799354,0.10678620277799354,3.356011351329605e-05,6.877265760460881e-05
26.000000000000004,0.00016273362724530913,0.16273362724530913,2.8863450562818457e-05,6.100253223433723e-05
26.050000000000004,0.00012778552695454543,0.12778552695454543,2.7078139573272692e-05,4.051532644902186e-05
26.100000000000005,6.42561167955485e-05,0.06425611679554849,2.8421580902735776e-05,1.0954777777080253e-05
26.150000000000006,4.7310639681753964e-05,0.04731063968175396,3.30287770340382e-05,-2.2180486532939724e-05
26.200000000000006,9.456587782039806e-06,0.009456587782039805,4.094701305802262e-05,-5.2810271930149043e-05
26.250000000000004,1.9123922691931476e-05,0.019123922691931475,5.213221822455992e-05,-7.561383405646705e-05
26.300000000000004,1.2659385403901373e-05,0.012659385403901373,6.644718047213327e-05,-8.708595145593789e-05
26.350000000000005,5.0788947802892664e-05,0.05078894780289266,8.366175564510329e-05,-8.605531664871886e-05
26.400000000000006,3.685740235509134e-05,0.036857402355091336,0.00010345516775747386,-7.358661488413427e-05
26.450000000000006,0.00011253549156903326,0.11253549156903327,0.00012542044062061188,-5.237486700458946e-05
26.500000000000004,0.00015770487048516075,0.15770487048516074,0.00014907093913745534,-2.587911940499802e-05
26.550000000000004,0.0001727115832128746,0.17271158321287458,0.00017384893521614665,2.509386099691089e-06
26.600000000000005,0.00020338472251146372,0.20338472251146372,0.00019913605331230234,3.0021777244626424e-05
26.650000000000006,0.00024253495514239815,0.24253495514239815,0.00022426539796222296,5.467448404830505e-05
26.700000000000006,0.0002958958166635987,0.2958958166635987,0.0002485351219006834,7.50803671882969e-05
26.750000000000004,0.00036917977876298284,0.36917977876298286,0.000271223158426362,9.007180786151e-05
26.800000000000004,0.00037357113122518415,0.37357113122518415,0.0002916028164002548,9.83548108819865e-05
26.850000000000005,0.00035764180294969253,0.35764180294969256,0.00030895892298053403,9.839041364740784e-05
26.900000000000006,0.00033324828863282296,0.33324828863282296,0.00032260419923335924,8.861281132449184e-05
26.950000000000006,0.0003386247129326235,0.33862471293262353,0.000331895564431837,6.796760812650222e-05
27.000000000000004,0.000332452868340964,0.332452868340964,0.0003362500798417283,3.661933524141224e-05
27.050000000000004,0.0003215068120409801,0.3215068120409801,0.0003351602560420472,-3.4261982708332612e-06
27.100000000000005,0.00027252251211476203,0.272522512114762,0.0003282084568916781,-4.806840903985617e-05
27.150000000000006,0.00025082592815471133,0.25082592815471133,0.00031508013870803326,-9.1435663744074e-05
27.200000000000006,0.0001622066954991951,0.16220669549919509,0.00029557566580533574,-0.00012682094449800203
27.250000000000004,0.00013625355325328105,0.13625355325328106,0.00026962044254553243,-0.00014804425572495668
27.300000000000004,9.051783756337657e-05,0.09051783756337657,0.0002372730960401621,-0.00015087354988051687
27.350000000000005,8.153717545422156e-05,0.08153717545422157,0.0001987314321857831,-0.00013407048821910053
27.400000000000006,9.573046492043453e-05,0.09573046492043452,0.00015433587314554457,-9.972014191514083e-05
27.450000000000006,9.939418261719986e-05,0.09939418261719986,0.00010457007261488377,-5.273223440371883e-05
27.500000000000004,0.0001283210252929654,0.1283210252929654,5.005840498294147e-05,3.1629882136356317e-07
27.550000000000004,0.00018220212016734495,0.18220212016734494,-8.43995452753582e-06,5.260252030284311e-05
27.600000000000005,0.00016653669479756698,0.16653669479756697,-7.004059089666883e-05,9.827383003091618e-05
27.650000000000006,7.17039951956695e-05,0.0717039951956695,-0.0001337471970745492,0.0001331053489544593
27.700000000000006,-2.648729803473657e-05,-0.02648729803473657,-0.00019846873024890706,0.0001545047718570402
27.750000000000004,-7.207338569600226e-05,-0.07207338569600226,-0.0002630402436679102,0.00016106525508246075
27.800000000000004,-0.00010601510301768494,-0.10601510301768494,-0.0003262470891289104,0.00015205805248448366
27.850000000000005,-0.00017836960066618332,-0.17836960066618332,-0.00038685201137996373,0.00012725196404571353
27.900000000000006,-0.0003057034762341355,-0.3057034762341355,-0.000443624490346645,8.724821704726466e-05
27.950000000000006,-0.0004297296670132961,-0.4297296670132961,-0.000495371536078863,3.4221749384699785e-05
28.000000000000004,-0.0005420788756459368,-0.5420788756459368,-0.0005409690114131522,-2.7301556873502472e-05
28.050000000000004,-0.0006961523171539014,-0.6961523171539014,-0.000579392459638905,-9.011418657295923e-05
28.100000000000005,-0.0007893585799444739,-0.7893585799444739,-0.0006097463616568251,-0.00014483798386238036
28.150000000000006,-0.0008656271183162921,-0.8656271183162921,-0.0006312907491621944,-0.00018140927596978
28.200000000000006,-0.0008681368046851784,-0.8681368046851784,-0.000643464162073667,-0.000191318158812137
28.250000000000004,-0.0008586017200356967,-0.8586017200356967,-0.0006459020583479874,-0.00017005720448465283
28.300000000000004,-0.0008123598855944612,-0.8123598855944612,-0.000638449954168607,-0.00011904931196746109
28.350000000000005,-0.0007691418340502218,-0.7691418340502217,-0.0006211707782474334,-4.6351627375670394e-05
28.400000000000006,-0.0006482558470752221,-0.6482558470752221,-0.0005943461492223106,3.431143777285813e-05
28.450000000000006,-0.0005497552655398187,-0.5497552655398187,-0.0005584715142043365,0.00010619645403789751
28.500000000000004,-0.00043728502760529764,-0.43728502760529764,-0.0005142453054959083,0.00015337268018162956
28.550000000000004,-0.0003717958042153598,-0.3717958042153598,-0.000462552469061662,0.00016480896799620388
28.600000000000005,-0.00030979852308179133,-0.30979852308179134,-0.00040444288302170857,0.00013758406513883403
28.650000000000006,-0.0002970042265534324,-0.2970042265534324,-0.0003411053130215277,7.820923955163993e-05
28.700000000000006,-0.0002800449957617837,-0.2800449957617837,-0.0002738376459753905,1.5004265224069345e-06
28.750000000000004,-0.0002570220802084644,-0.2570220802084644,-0.00020401421156168205,-7.289142233681162e-05
28.800000000000004,-0.00024113397217772557,-0.24113397217772556,-0.00013305105120447065,-0.0001254778593725095
28.850000000000005,-0.0002463118876951034,-0.2463118876951034,-6.23700352586447e-05,-0.00014212628774379566
28.900000000000006,-0.00017717692099918783,-0.17717692099918783,6.637234157473777e-06,-0.00011796939685490431
28.950000000000006,0.0001028987185170479,0.1028987185170479,7.264476332709464e-05,-5.885480673831718e-05
29.000000000000004,0.0002405122272897103,0.24051222728971028,0.00013442575158904068,2.014815929195716e-05
29.050000000000004,0.0003578638213548605,0.3578638213548605,0.0001908834139815433,9.879146210551684e-05
29.100000000000005,0.0004875724480160031,0.48757244801600313,0.00024107806564211375,0.000157075824560861
29.150000000000006,0.0005804213413469078,0.5804213413469078,0.000284249576139623,0.00018048958951432612
29.200000000000006,0.0006283795839083611,0.6283795839083611,0.00031983444434617787,0.0001635740133780621
29.250000000000004,0.0006723855798938411,0.6723855798938412,0.0003474769378947033,0.0001108761628772734
29.300000000000004,0.00036546601911371885,0.36546601911371884,0.00036703397336450435,3.516985052916401e-05
29.350000000000005,0.0002945028856900939,0.2945028856900939,0.000378573667083789,-4.635276868755514e-05
29.400000000000006,0.00032978123768029235,0.3297812376802923,0.00038236773740610546,-0.00011666401416427088
29.450000000000006,0.00034754613563349105,0.34754613563349107,0.000378878159343993,-0.0001628993522019873
29.500000000000004,0.0003886724192839522,0.3886724192839522,0.0003687386431248747,-0.00017876241572634225
29.550000000000004,0.0003408106776841366,0.3408106776841366,0.0003527316310824229,-0.0001649503735002449
29.600000000000005,0.00014677328045798363,0.14677328045798363,0.0003317615968189794,-0.0001278445775781398
29.650000000000006,0.00023953948808444893,0.23953948808444891,0.0003068254976083475,-7.713212616663751e-05
29.700000000000006,0.00028149596450709636,0.28149596450709635,0.00027898127472177693,-2.3153760772763085e-05
29.750000000000004,0.00025697939012846464,0.25697939012846466,0.00024931531131704653,2.5340305307313967e-05
29.800000000000004,0.00022688658673380497,0.22688658673380496,0.00021890974528691824,6.259733245692281e-05
29.850000000000005,0.00025669394360540947,0.2566939436054095,0.00018881050480253457,8.629217574686238e-05
29.900000000000006,0.00022733731205055609,0.22733731205055607,0.00015999689594716556,9.709325000127974e-05
29.950000000000006,0.00021238722941173467,0.21238722941173466,0.00013335352700130152,9.76468336181407e-05
30.000000000000007,0.00014665499458951212,0.14665499458951212,0.00010964530152790098,9.133653469008433e-05
30.050000000000004,5.893985776408695e-05,0.05893985776408695,8.949615108913049e-05,8.116474942629003e-05
30.100000000000005,1.8275013660855755e-05,0.018275013660855755,7.33721052499098e-05,6.902655756288535e-05
30.150000000000006,1.7755493354028608e-06,0.0017755493354028608,6.156920609213235e-05,5.55187949766183e-05
30.200000000000006,-8.846868146687571e-05,-0.08846868146687571,5.4206661628558075e-05,4.026696817072176e-05
30.250000000000007,6.377975747126078e-05,0.06377975747126077,5.1225495986465405e-05,2.2594551852353495e-05
30.300000000000004,0.00010071494833670864,0.10071494833670865,5.2392798186632657e-05,2.2524622174825416e-06
30.350000000000005,-7.3537099207787e-05,-0.073537099207787,5.73115050233673e-05,-2.00815188682635e-05
30.400000000000006,-7.278151777027791e-05,-0.07278151777027791,6.543548843209265e-05,-4.2716200926380584e-05
30.450000000000006,-0.00011499996533740118,-0.11499996533740117,7.608956048065692e-05,-6.327295220211569e-05
30.500000000000007,-5.0663759377164244e-05,-0.05066375937716425,8.849385691505584e-05,-7.925443210525682e-05
30.550000000000004,4.370880876490899e-05,0.04370880876490899,0.00010179190732087554,-8.861771607684454e-05
30.600000000000005,0.00010515639942960106,0.10515639942960106,0.0001150815492140589,-9.016850048073491e-05
30.650000000000006,0.0001526066557597871,0.1526066557597871,0.00012744770826191742,-8.371768512367527e-05
30.700000000000006,0.00016328331127842528,0.16328331127842527,0.00013799596396386188,-7.004875371865339e-05
30.750000000000007,0.00014768882524064195,0.14768882524064195,0.00014588576075035166,-5.077576353523921e-05
30.800000000000004,0.00016319726011450179,0.16319726011450178,0.0001503621110637434,-2.813248911471205e-05
30.850000000000005,0.00023272965325653677,0.23272965325653677,0.00015078466530765196,-4.67960937747658e-06
30.900000000000006,0.0003488041680725979,0.3488041680725979,0.00014665308792499493,1.7090289125116007e-05
30.950000000000006,0.0004022254866471178,0.4022254866471178,0.00013762777757696818,3.5212712694065934e-05
31.000000000000007,0.00033238724823933096,0.33238724823933097,0.00012354510631838885,4.8656777086961114e-05
31.050000000000004,0.000254488036216279,0.25448803621627897,0.0001044265324157999,5.75161786851309e-05
31.100000000000005,0.0002686658301952201,0.2686658301952201,8.048116098957919e-05,6.286790850109137e-05
31.150000000000006,0.0002802757886798409,0.28027578867984093,5.2101572217955455e-05,6.629255175945374e-05
31.200000000000006,0.00023702377705014208,0.23702377705014208,1.9852991041520616e-05,6.917890618925357e-05
31.250000000000007,0.00012681071403425874,0.12681071403425873,-1.554387645727119e-05,7.203053051045038e-05
31.300000000000004,3.82433295543481e-05,0.038243329554348095,-5.323577208633801e-05,7.402212550879398e-05
31.350000000000005,-5.314628080934449e-05,-0.05314628080934449,-9.226478475230174e-05,7.300553736335185e-05
31.400000000000006,-1.7165147242235178e-05,-0.01716514724223518,-0.00013160022473340617,6.603952657167307e-05
31.450000000000006,-5.8883185752814435e-05,-0.05888318575281443,-0.0001701733176166994,5.034197579712715e-05
31.500000000000007,-0.00020517222252440726,-0.20517222252440726,-0.00020691344718263817,2.4398900505895074e-05
31.550000000000004,-0.00038302375573852696,-0.383023755738527,-0.00024078460501272998,-1.1116862807838569e-05
31.600000000000005,-0.0004783982981864404,-0.47839829818644036,-0.00027082067710626256,-5.292477715367447e-05
31.650000000000006,-0.0005428252724155374,-0.5428252724155375,-0.0002961582221271766,-9.538208066847914e-05
31.700000000000006,-0.000565851863011311,-0.565851863011311,-0.00031606548313918613,-0.00013138843199751965
31.750000000000007,-0.0005203986975238808,-0.5203986975238808,-0.00032996652849435874,-0.0001537862463178114
31.800000000000004,-0.0005770148397778896,-0.5770148397778896,-0.0003374596290185934,-0.00015697834149885868
31.850000000000005,-0.0006348411981975551,-0.634841198197555,-0.0003383292306799264,-0.00013841044685886203
31.900000000000006,-0.0005772347311361861,-0.5772347311361862,-0.00033255115750716643,-9.954053119313756e-05
31.950000000000006,-0.00044756572189687407,-0.44756572189687405,-0.00032029096678743866,-4.596946838068246e-05
32.00000000000001,-0.0003372660855513385,-0.33726608555133847,-0.0003018956683675134,1.3432158590395552e-05
32.050000000000004,-0.0002544937342049683,-0.2544937342049683,-0.0002778792988263558,6.830941330232056e-05
32.10000000000001,-0.00016473390103579223,-0.16473390103579222,-0.0002489030900747602,0.00010914398241378838
32.150000000000006,-8.250121062896994e-05,-0.08250121062896994,-0.000215751172397717,0.00012952155736519394
32.2,1.523724643853582e-05,0.01523724643853582,-0.0001793028941323495,0.00012770192116954497
32.25000000000001,9.79992168263482e-05,0.0979992168263482,-0.00014050292213109978,0.00010699081406817427
32.300000000000004,0.00012714396155614555,0.12714396155614555,-0.0001003303106314404,7.473193525651903e-05
32.35000000000001,0.00011429360093305422,0.11429360093305423,-5.976769440671068e-05,4.0152968067301964e-05
32.400000000000006,5.6429204039628385e-05,0.05642920403962839,-1.977168139368131e-05,1.1684438199551804e-05
32.45,8.471327148467414e-05,0.08471327148467414,1.8754598207218465e-05,-5.41668521326596e-06
32.50000000000001,0.00016445090653265213,0.16445090653265212,5.4985969681476624e-05,-1.036853327921732e-05
32.550000000000004,0.0002722128338806152,0.2722128338806152,8.81960504547273e-05,-6.666573345055257e-06
32.60000000000001,0.0003232453099245138,0.3232453099245138,0.00011777392936147802,-4.807362461658286e-07
32.650000000000006,0.00032091830771845765,0.32091830771845764,0.00014323633037900804,1.763912467278876e-06
32.7,0.00025096535369116074,0.25096535369116074,0.0001642350729722591,-4.239264860501076e-06
32.75000000000001,0.00023538730888104592,0.23538730888104592,0.00018055982249073213,-1.9162612617147722e-05
32.800000000000004,0.00021030248105759002,0.21030248105759003,0.00019213630546666954,-3.985867490535899e-05
32.85000000000001,0.00017431698795681148,0.17431698795681147,0.00019902033070152967,-6.0495332386363167e-05
32.900000000000006,0.0001175515348045492,0.11755153480454919,0.0002013880952685677,-7.45598085064732e-05
32.95,9.919173801187131e-05,0.09919173801187131,0.0001995233588206894,-7.702493490339924e-05
33.00000000000001,0.0001462640484850141,0.14626404848501412,0.00019380213794976104,-6.596987976261206e-05
33.050000000000004,0.00014603341206505862,0.14603341206505863,0.0001846756053212658,-4.317554307042286e-05
33.10000000000001,9.602352852609566e-05,0.09602352852609566,0.00017265187985103774,-1.3573756473105538e-05
33.150000000000006,9.266052366574367e-05,0.09266052366574368,0.00015827737146146815,1.6211647587660896e-05
33.2,9.555868279973534e-05,0.09555868279973534,0.00014211830345216237,3.974633946812789e-05
33.25000000000001,0.00011291514831916232,0.11291514831916231,0.00012474298018647686,5.2523815594710534e-05
33.300000000000004,7.720826514625583e-05,0.07720826514625584,0.0001067052991859086,5.3079302921927096e-05
33.35000000000001,7.590499986275372e-05,0.07590499986275372,8.852992827248707e-05,4.320449416807072e-05
33.400000000000006,2.1476303066950444e-05,0.021476303066950444,7.069948466273605e-05,2.7252347201396142e-05
33.45,2.7729185684174825e-05,0.027729185684174824,5.3643966702243294e-05,1.077039635455678e-05
33.50000000000001,2.44195280869128e-05,0.0244195280869128,3.773260078397758e-05,-1.1289190771775127e-06
33.550000000000004,3.305472137095192e-05,0.03305472137095192,2.3268176356857288e-05,-5.201225820244252e-06
33.60000000000001,1.7752376257449383e-05,0.017752376257449385,1.048385319743342e-05,-9.19644186431546e-07
33.650000000000006,9.991510424382966e-06,0.009991510424382967,-4.5765847499389047e-07,9.476159076621208e-06
33.7,8.935517270640207e-06,0.008935517270640207,-9.462718867703512e-06,2.1727446968127587e-05
33.75000000000001,7.614577611394111e-05,0.0761457761139411,-1.6503417275639698e-05,3.087855822010863e-05
33.800000000000004,0.00013889894462188135,0.13889894462188135,-2.1612555541645068e-05,3.2789573109244605e-05
33.85000000000001,9.001850647790995e-05,0.09001850647790995,-2.487727788728729e-05,2.5396064479204737e-05
33.900000000000006,4.327768991184285e-05,0.04327768991184285,-2.6431683134044715e-05,9.34432073614659e-06
33.95,3.435525784810863e-05,0.034355257848108625,-2.6448747734285413e-05,-1.217831266881316e-05
34.00000000000001,2.8845099283386162e-05,0.02884509928338616,-2.5131863134968183e-05,-3.4347854050162664e-05
34.050000000000004,2.013928300662023e-05,0.02013928300662023,-2.2706258130980525e-05,-5.205062288162755e-05
34.10000000000001,6.828036551377131e-06,0.0068280365513771315,-1.9410543412037836e-05,-6.126073059216568e-05
34.150000000000006,-1.6037368757804595e-05,-0.016037368757804597,-1.5488583893626095e-05,-6.0049868311130585e-05
34.2,-1.3999608817992355e-06,-0.0013999608817992356,-1.118187463975111e-05,-4.8963278504293356e-05
34.25000000000001,2.862899442329884e-06,0.002862899442329884,-6.722568634485081e-06,-3.0698882752678074e-05
34.300000000000004,3.8821536090153775e-05,0.03882153609015378,-2.327279942067391e-06,-9.236860183949424e-06
34.35000000000001,7.879633894477826e-05,0.07879633894477826,1.808236895856698e-06,1.1279345562602664e-05
34.400000000000006,4.306930491708069e-05,0.04306930491708069,5.513453691834057e-06,2.7559316949452467e-05
34.45,4.332789393835071e-05,0.04332789393835071,8.646431095176829e-06,3.779443897025948e-05
34.50000000000001,2.7088216619239143e-05,0.027088216619239144,1.1096157639668099e-05,4.176953625054641e-05
34.550000000000004,4.326509326162909e-05,0.04326509326162909,1.2783879738952448e-05,4.0510584039310014e-05
34.60000000000001,4.925769501939369e-05,0.049257695019393685,1.3663468159598708e-05,3.566383852026233e-05
34.650000000000006,2.8252340423218755e-05,0.028252340423218756,1.3720892547072229e-05,2.885766485134625e-05
34.7,-9.073558968827793e-07,-0.0009073558968827793,1.2972896327765665e-05,2.1261205865130483e-05
34.75000000000001,5.02490235949531e-07,0.000502490235949531,1.1464980189267345e-05,1.345024015330428e-05
34.800000000000004,1.892649176189132e-06,0.001892649176189132,9.268812425644904e-06,5.563103433057015e-06
34.85000000000001,1.6105711840732395e-05,0.016105711840732395,6.4791871158415235e-06,-2.377266212118777e-06
34.900000000000006,-7.736009482932697e-07,-0.0007736009482932697,3.2106463399974176e-06,-1.0149988540198155e-05
34.95,-2.5049749014585463e-05,-0.02504974901458546,-4.0612742021701763e-07,-1.7184878881673856e-05
35.00000000000001,-1.7906177100292735e-05,-0.017906177100292735,-4.2280554745535626e-06,-2.2642852690423354e-05
35.050000000000004,-2.3808840448539313e-06,-0.002380884044853931,-8.103465441193259e-06,-2.568896215650839e-05
35.10000000000001,4.044313718411973e-06,0.004044313718411973,-1.1875890958911551e-05,-2.58316341255169e-05
35.150000000000006,3.2510452851032933e-06,0.003251045285103293,-1.538782584238644e-05,-2.3171529502679525e-05
35.2,5.929665234915154e-06,0.005929665234915154,-1.84844069451512e-05,-1.8439935375883767e-05
35.25000000000001,6.245838937765418e-06,0.0062458389377654175,-2.101701312558946e-05,-1.2793112183677455e-05
35.300000000000004,2.1944664082743357e-05,0.021944664082743356,-2.284677599980774e-05,-7.431879550523228e-06
35.35000000000001,5.713769457383194e-05,0.05713769457383194,-2.384800177260094e-05,-3.1953347949276742e-06
35.400000000000006,0.00010407879162583845,0.10407879162583845,-2.391150216949438e-05,-2.998894205481265e-07
35.45,5.962545469067703e-05,0.05962545469067703,-2.294782490495505e-05,1.6565786601946749e-06
35.50000000000001,5.625524695069488e-06,0.005625524695069488,-2.0890358384163002e-05,3.418408811001058e-06
35.550000000000004,-7.5067645354996135e-06,-0.007506764535499613,-1.769826210838522e-05,5.645949348817521e-06
35.60000000000001,2.3825778870267157e-05,0.023825778870267156,-1.3359148899013233e-05,8.543482007161516e-06
35.650000000000006,8.555903089591327e-05,0.08555903089591327,-7.891425137371616e-06,1.1729323685286601e-05
35.7,6.386013240210285e-05,0.06386013240210285,-1.3461844546460613e-06,1.4421808650248764e-05
35.75000000000001,2.780842784703234e-05,0.02780842784703234,6.191454020603427e-06,1.5858009080124324e-05
35.800000000000004,2.9645737539149662e-05,0.02964573753914966,1.4601674296861113e-05,1.5742526690859376e-05
35.85000000000001,4.4842706995970504e-05,0.044842706995970504,2.373007168586096e-05,1.4498470067517414e-05
35.900000000000006,6.832038886687018e-05,0.06832038886687018,3.3388648984073736e-05,1.3170515221544942e-05
35.95,4.6006805002686275e-05,0.04600680500268627,4.335779618635256e-05,1.2976922674917092e-05
36.00000000000001,1.2715464483247958e-05,0.012715464483247958,5.338932782834073e-05,1.4666696518208454e-05
36.050000000000004,1.845253530108598e-05,0.01845253530108598,6.321062399125175e-05,1.794727435273164e-05
36.10000000000001,3.187886391019921e-05,0.031878863910199215,7.25298861840072e-05,2.12567478387495e-05
36.150000000000006,8.199838247229541e-05,0.0819983824722954,8.104247628727404e-05,2.2046128210389268e-05
36.20000000000001,0.0001805763524792523,0.1805763524792523,8.843825638293606e-05,1.7545347609428352e-05
36.25000000000001,0.0001439768282191503,0.1439768282191503,9.440979509807932e-05,5.788827691686205e-06
36.300000000000004,3.079892470046954e-05,0.030798924700469542,9.866126026736155e-05,-1.344102477379266e-05
36.35000000000001,-3.221748215992527e-05,-0.032217482159925266,0.00010091778341785341,-3.8081864909429724e-05
36.400000000000006,4.720093782156777e-06,0.004720093782156777,0.0001009350554297755,-6.387448126524953e-05
36.45000000000001,0.00010958584611858403,0.10958584611858403,9.850888474710822e-05,-8.508949143814795e-05
36.50000000000001,5.9249892252549414e-05,0.05924989225254941,9.348441354580696e-05,-9.576604141640552e-05
36.550000000000004,0.0001004674305177602,0.10046743051776019,8.576464883081259e-05,-9.121018644700073e-05
36.60000000000001,7.089942494937087e-05,0.07089942494937088,7.531793713429127e-05,-6.941661095031363e-05
36.650000000000006,7.962562309647204e-05,0.07962562309647205,6.21840022486663e-05,-3.203714710659738e-05
36.70000000000001,0.00011581161086989551,0.11581161086989551,4.6478176520015704e-05,1.5444626925211434e-05
36.75000000000001,0.00017497813000585057,0.17497813000585058,2.839348575289035e-05,6.452817430571461e-05
36.800000000000004,0.0001946437110861543,0.1946437110861543,8.200295785350114e-06,0.00010544391308868981
36.85000000000001,0.0001968048958433157,0.1968048958433157,-1.375670170483847e-05,0.0001294787526883892
36.900000000000006,0.00016087579395030147,0.16087579395030147,-3.706429235415736e-05,0.00013127857877376717
36.95000000000001,0.00015222025665285712,0.15222025665285713,-6.124934100652022e-05,0.00011043988289673599
37.00000000000001,0.00015684927151592403,0.15684927151592404,-8.579006572646215e-05,7.183475391665856e-05
37.050000000000004,-1.8405679285713929e-06,-0.001840567928571393,-0.00011012971249693885,2.4453955750810157e-05
37.10000000000001,-0.00014223112799028006,-0.14223112799028007,-0.0001336922160576231,-2.0986241652317973e-05
37.150000000000006,-0.0002354078414651384,-0.2354078414651384,-0.00015589930237358597,-5.499528619701812e-05
37.20000000000001,-0.0002776731795329289,-0.2776731795329289,-0.00017618838615023175,-7.19021559616861e-05
37.25000000000001,-0.00025933833068946823,-0.2593383306894682,-0.00019403055729672806,-7.125039776041771e-05
37.300000000000004,-0.0002340224615403748,-0.23402246154037482,-0.00020894793973550194,-5.753816876088061e-05
37.35000000000001,-0.00025458958221759385,-0.25458958221759387,-0.00022052973872504876,-3.841039645565441e-05
37.400000000000006,-0.00027806520095828677,-0.2780652009582868,-0.0002284463556825079,-2.1939444946705478e-05
37.45000000000001,-0.00027640244394407017,-0.27640244394407015,-0.00023246103009035333,-1.3927593008235857e-05
37.50000000000001,-0.0002741956169281009,-0.2741956169281009,-0.00023243856022485385,-1.6126916520491107e-05
37.550000000000004,-0.0002881471653763121,-0.2881471653763121,-0.00022835075692515425,-2.5926263356099026e-05
37.60000000000001,-0.00032371889445997984,-0.32371889445997987,-0.00022027839708940898,-3.7534807793558223e-05
37.650000000000006,-0.00034734833541377546,-0.34734833541377547,-0.00020840956465954916,-4.418419921205363e-05
37.70000000000001,-0.00034437826180787714,-0.3443782618078771,-0.00019303439531441735,-4.055237574341118e-05
37.75000000000001,-0.0002518375956323928,-0.2518375956323928,-0.00017453637642285926,-2.458703668860248e-05
37.800000000000004,-9.273327196279549e-05,-0.09273327196279549,-0.00015338049362777955,1.8287376401053795e-06
37.85000000000001,-3.4617466326599925e-05,-0.03461746632659993,-0.00013009865161270833,3.348740757850514e-05
37.900000000000006,-5.063524293192741e-06,-0.005063524293192742,-0.00010527291468325514,6.342969218829336e-05
37.95000000000001,-1.4086167180490211e-05,-0.014086167180490211,-7.95171976972923e-05,8.48992587712046e-05
38.00000000000001,-6.579569334617494e-06,-0.006579569334617494,-5.3458082574913265e-05,9.307414338902858e-05
38.050000000000004,4.817293889088864e-05,0.04817293889088864,-2.7715444427810134e-05,8.614188542869179e-05
38.10000000000001,0.00016224710147551082,0.16224710147551083,-2.883554288469296e-06,6.554352148363517e-05
38.150000000000006,0.00016728324532803288,0.16728324532803288,2.0486710534769815e-05,3.5447144537493256e-05
38.20000000000001,0.0001292724819230841,0.1292724819230841,4.190397211040058e-05,1.669038308919656e-06
38.25000000000001,0.00011026371407773402,0.11026371407773403,6.095027296312288e-05,-2.9663095152707637e-05
38.300000000000004,0.00010542231578045874,0.10542231578045874,7.729240654967623e-05,-5.339699433557598e-05
38.35000000000001,0.00011883896393253754,0.11883896393253754,9.069035520720631e-05,-6.632388799065645e-05
38.400000000000006,0.0001362793890524045,0.1362793890524045,0.00010100263690564841,-6.764495097873424e-05
38.45000000000001,0.00013353055990944425,0.13353055990944426,0.00010818845916973464,-5.8873782092341346e-05
38.50000000000001,0.00011577162685919861,0.1157716268591986,0.00011230666936058297,-4.324207734180582e-05
38.550000000000004,0.0001607837429380817,0.1607837429380817,0.0001135115766831998,-2.4785194359907448e-05
38.60000000000001,0.0002304628184577436,0.2304628184577436,0.00011204580321992153,-7.349907297857721e-06
38.650000000000006,0.00018708235663227515,0.18708235663227515,0.00010823039905815607,6.227167680465822e-06
38.70000000000001,0.00013614268390373704,0.13614268390373704,0.00010245253169193313,1.4580905232547646e-05
38.75000000000001,0.00010973463578272135,0.10973463578272136,9.515113350176726e-05,1.784158925046734e-05
38.800000000000004,0.00011105910766246478,0.11105910766246478,8.680095997059388e-05,1.727492148360379e-05
38.85000000000001,0.00012441479789445804,0.12441479789445804,7.789556787213544e-05,1.4693252972580251e-05
38.900000000000006,0.0001117625236504802,0.1117625236504802,6.892976100872461e-05,1.1833309521755462e-05
38.95000000000001,4.478431860438199e-05,0.04478431860438199,6.0382070689986524e-05,9.873787966734001e-06
39.00000000000001,2.668752158228528e-05,0.02668752158228528,5.269784148317622e-05,9.204758166830131e-06
39.050000000000004,1.2173264982788421e-05,0.012173264982788421,4.627348033654452e-05,9.483766835132449e-06
39.10000000000001,9.085142216301786e-06,0.009085142216301786,4.144239650647114e-05,9.935313509103066e-06
39.150000000000006,-1.6612754256637727e-06,-0.0016612754256637727,3.8463108726018885e-05,9.781557221923886e-06
39.20000000000001,-2.2807251917093062e-05,-0.022807251917093062,3.75099260003041e-05,8.648021805764438e-06
39.25000000000001,-3.814600539404349e-05,-0.03814600539404349,3.866652304341693e-05,6.786418991183155e-06
39.300000000000004,5.8009966127300774e-05,0.05800996612730077,4.1922634340427214e-05,5.0070788974841495e-06
39.35000000000001,2.729594030027378e-05,0.02729594030027378,4.717398533851756e-05,4.309773461640182e-06
39.400000000000006,7.447666048714541e-05,0.07447666048714541,5.4225470006521885e-05,5.321856451267489e-06
39.45000000000001,-7.561362334476531e-06,-0.007561362334476531,6.279747735665991e-05,7.76045854006193e-06
39.50000000000001,3.907092593706585e-05,0.03907092593706585,7.253517040376337e-05,1.0183963144593174e-05
39.550000000000004,4.475193493959357e-05,0.04475193493959357,8.302042998997914e-05,1.024337638514079e-05
39.60000000000001,9.376392529539201e-05,0.09376392529539201,9.378609096977844e-05,5.47443730779919e-06
39.650000000000006,0.0001367753690463261,0.13677536904632612,0.00010433201965119544,-5.5688726613368015e-06
39.70000000000001,0.00012978980633472374,0.12978980633472373,0.0001141425135617667,-2.2252101808943423e-05
39.75000000000001,0.00012387093884218793,0.12387093884218793,0.0001227044537159822,-4.135914398550694e-05
39.800000000000004,0.00015556925169073386,0.15556925169073385,0.00012952560946459594,-5.751699861404048e-05
39.85000000000001,0.00015902128863334647,0.15902128863334647,0.00013415248657329062,-6.460182313336358e-05
39.900000000000006,0.00016549872148355295,0.16549872148355294,0.00013618711814572466,-5.7788716072405144e-05
39.95000000000001,0.0001563659886120193,0.1563659886120193,0.00013530222383405623,-3.558114129360058e-05
40.00000000000001,0.00017213645821418874,0.17213645821418874,0.00013125420513402758,-1.0389964233925803e-06
40.050000000000004,0.0001847512167520283,0.1847512167520283,0.00012389350287890004,3.840197493372375e-05
40.10000000000001,0.00023067495214996168,0.23067495214996167,0.00011317191622298379,7.268482252446148e-05
40.150000000000006,0.00031515833622585326,0.31515833622585326,9.914657016097051e-05,9.205032462548e-05
40.20000000000001,0.00033977165435900215,0.33977165435900214,8.198032268597249e-05,9.021398213096629e-05
40.25000000000001,0.0002558976092330067,0.2558976092330067,6.193852622876571e-05,6.668954846108616e-05
40.300000000000004,0.0001481855315190332,0.1481855315190332,3.9382202351315686e-05,2.7353916911867095e-05
40.35000000000001,2.5020999271229854e-05,0.025020999271229853,1.475784789866144e-05,-1.7074257839382013e-05
40.400000000000006,-0.00010240712616890843,-0.10240712616890843,-1.1415750623263929e-05,-5.422498084607035e-05
40.45000000000001,-0.00015209889339414052,-0.1520988933941405,-3.856318050924273e-05,-7.389653951118329e-05
40.50000000000001,-0.00014528677305704094,-0.14528677305704094,-6.606993171353714e-05,-7.121451819127393e-05
40.550000000000004,-0.00014177448577200224,-0.14177448577200225,-9.330112614075442e-05,-4.806518665207572e-05
40.60000000000001,-0.00011444482134809683,-0.11444482134809683,-0.00011962077182117178,-1.2349094462772612e-05
40.650000000000006,-0.0001061610115915049,-0.1061610115915049,-0.0001444108857642278,2.4640780802968133e-05
40.70000000000001,-0.00012624506408967954,-0.12624506408967953,-0.00016708986490271226,5.179096739171068e-05
40.75000000000001,-0.00018525721712939276,-0.18525721712939275,-0.00018712952676163018,6.149724896095153e-05
40.800000000000004,-0.00026088095312070086,-0.26088095312070086,-0.0002040702870248617,5.171725293086632e-05
40.85000000000001,-0.0003209448392094276,-0.3209448392094276,-0.00021753399288132195,2.6202022980294003e-05
40.900000000000006,-0.0003281946547125169,-0.3281946547125169,-0.00022723399567806742,-7.013857306447975e-06
40.95000000000001,-0.00031459433802859065,-0.31459433802859066,-0.00023298213050709267,-3.825305383990021e-05
41.00000000000001,-0.00032189561005757753,-0.32189561005757755,-0.00023469237563112017,-5.907931909151269e-05
41.050000000000004,-0.0003637706803717119,-0.3637706803717119,-0.0002323810864199384,-6.456282960997053e-05
41.10000000000001,-0.0003723062826377267,-0.3723062826377267,-0.00022616382866120127,-5.43407298492944e-05
41.150000000000006,-0.00024515747876379247,-0.24515747876379246,-0.00021624896811419986,-3.229476808974296e-05
41.20000000000001,-0.00020299797665950477,-0.20299797665950478,-0.00020292830273978908,-5.0786940869651755e-06
41.25000000000001,-0.00017113214608252276,-0.17113214608252275,-0.00018656514525769717,1.997179425582323e-05
41.300000000000004,-0.0001436130987937449,-0.1436130987937449,-0.00016758036672802085,3.689827933250135e-05
41.35000000000001,-0.0001343691044625489,-0.1343691044625489,-0.0001464369874010234,4.258309984536419e-05
41.400000000000006,2.9030780770415366e-06,0.0029030780770415367,-0.00012362394588713365,3.728401810806456e-05
41.45000000000001,-1.1778223863245844e-05,-0.011778223863245844,-9.963969368048286e-05,2.4197835871027425e-05
41.50000000000001,6.980916019585521e-06,0.006980916019585521,-7.497625104252884e-05,8.272559435891815e-06
41.550000000000004,2.9534598170735348e-05,0.029534598170735348,-5.010432232182493e-05,-5.33897281783013e-06
41.60000000000001,9.428721163459392e-06,0.009428721163459393,-2.5460005813640026e-05,-1.2734934800371529e-05
41.650000000000006,5.08012055626863e-05,0.0508012055626863,-1.433551195171948e-06,-1.2244933455340557e-05
41.70000000000001,0.00013979027980351466,0.13979027980351466,2.1639476052612045e-05,-4.7120692827843825e-06
41.75000000000001,0.00018808395267207423,0.18808395267207423,4.348436397527659e-05,6.935422605209335e-06
41.800000000000004,0.00016577296048685358,0.16577296048685358,6.389060396978124e-05,1.8640492652375693e-05
41.85000000000001,0.00013528523440660103,0.13528523440660103,8.271238148358504e-05,2.6399525341706893e-05
41.900000000000006,0.0001367381647662145,0.1367381647662145,9.986628832736992e-05,2.734921751308679e-05
41.95000000000001,0.00017263286595564485,0.17263286595564484,0.00011532645735450462,2.0500637157320045e-05
42.00000000000001,0.00018974555652575886,0.18974555652575886,0.00012911742985723308,6.969747654424584e-06
42.050000000000004,0.0001560761214102152,0.15607612141021518,0.00014130515857707388,-1.032912495741628e-05
42.10000000000001,0.00013324575728438826,0.13324575728438826,0.00015198662339996086,-2.7445391901822188e-05
42.150000000000006,8.774788284723583e-05,0.08774788284723582,0.00016127859247337111,-4.0422268822327205e-05
42.20000000000001,8.503758276097944e-05,0.08503758276097943,0.0001693060956824273,-4.632875710805134e-05
42.25000000000001,4.897950631360481e-05,0.048979506313604815,0.00017619118511870885,-4.4007281793357204e-05
42.300000000000004,5.2727615180282026e-05,0.052727615180282024,0.00018204253487264584,-3.431304511432844e-05
42.35000000000001,6.899428097423961e-05,0.06899428097423961,0.00018694638038419645,-1.976411899014688e-05
42.400000000000006,6.342173057092853e-05,0.06342173057092854,0.00019095921928194778,-3.7089649627765837e-06
42.45000000000001,0.00014731281460431822,0.14731281460431822,0.00019410259704291926,1.0711906914540943e-05
42.50000000000001,0.00022839371478841573,0.22839371478841572,0.00019636018959852056,2.1449067210129085e-05
42.550000000000004,0.0001484680593680302,0.1484680593680302,0.0001976772804444554,2.795850730923602e-05
42.60000000000001,9.911729743330193e-05,0.09911729743330193,0.00019796262133384572,3.101151228962132e-05
42.650000000000006,0.00011669666115621952,0.11669666115621952,0.0001970925687768098,3.201042323163641e-05
42.70000000000001,0.00015349302361852436,0.15349302361852435,0.00019491730159300046,3.212769533726059e-05
42.75000000000001,0.0002101955271410522,0.21019552714105222,0.00019126884252847431,3.16537378871798e-05
42.800000000000004,0.0002130274157853078,0.2130274157853078,0.00018597052936198275,2.9834822407399413e-05
42.85000000000001,0.00019740732994700042,0.19740732994700042,0.00017884751530323486,2.5258970580222622e-05
42.900000000000006,0.00020368101193236513,0.20368101193236512,0.0001697378333661687,1.6610473364078673e-05
42.95000000000001,0.00028892002997636435,0.28892002997636435,0.00015850353832514534,3.463277411325174e-06
43.00000000000001,0.00016337939729606896,0.16337939729606896,0.00014504144167271072,-1.3225027932696882e-05
43.050000000000004,0.0001371228107469188,0.13712281074691882,0.00012929297768791902,-3.112763692534107e-05
43.10000000000001,0.00013335411900202007,0.13335411900202007,0.0001112527799914337,-4.7071313971376706e-05
43.150000000000006,0.00011125114662378193,0.11125114662378194,9.097560274476248e-05,-5.7869138525977254e-05
43.20000000000001,7.308011161360354e-05,0.07308011161360355,6.858128232520372e-05,-6.116079929745429e-05
43.25000000000001,7.65420613319038e-05,0.0765420613319038,4.425750025786979e-05,-5.5984053906287946e-05
43.300000000000004,9.088222824132187e-05,0.09088222824132186,1.826017665939299e-05,-4.293138078802789e-05
43.35000000000001,6.931127904448526e-05,0.06931127904448527,-9.088603270283288e-06,-2.3913140135135544e-05
43.400000000000006,5.995271582927353e-05,0.059952715829273535,-3.740514800216528e-05,-1.6772865748453709e-06
43.45000000000001,-5.168948451781778e-06,-0.005168948451781777,-6.625113609976122e-05,2.0724388584316244e-05
43.50000000000001,-6.560399053567802e-05,-0.06560399053567802,-9.514285122085088e-05,4.0384993889628636e-05
43.550000000000004,-8.146276429703385e-05,-0.08146276429703385,-0.00012356242403215658,5.4866089914212556e-05
43.60000000000001,-0.00010951066226518085,-0.10951066226518084,-0.0001509707427819229,6.243597927152535e-05
43.650000000000006,-0.0001551756036470726,-0.1551756036470726,-0.00017682162008330243,6.227786969343236e-05
43.70000000000001,-0.00018518890606388123,-0.18518890606388122,-0.00020057674494611976,5.467212941309411e-05
43.75000000000001,-0.00021245259866192075,-0.21245259866192076,-0.00022172090701545418,4.10816813762283e-05
43.800000000000004,-0.0002664171486864498,-0.2664171486864498,-0.00023977695491606872,2.4027685026263682e-05
43.85000000000001,-0.0003533664854042027,-0.3533664854042027,-0.00025431994403496286,6.673767677272478e-06
43.900000000000006,-0.0004032733232369856,-0.4032733232369856,-0.00026498994323145364,-7.859524054664878e-06
43.95000000000001,-0.00042380094004389147,-0.42380094004389146,-0.0002715030079735826,-1.729670886438343e-05
44.00000000000001,-0.0003824504709030806,-0.3824504709030806,-0.00027365989237227275,-2.087912569909004e-05
44.05000000000001,-0.0003506661505439914,-0.3506661505439914,-0.00027135216436269136,-1.9657649923088415e-05
44.10000000000001,-0.0003380397362941016,-0.33803973629410156,-0.00026456550065380994,-1.6256056390349626e-05
44.150000000000006,-0.00034240835305940603,-0.34240835305940603,-0.00025338006021438046,-1.4117416205440501e-05
44.20000000000001,-0.00029767244017295735,-0.29767244017295735,-0.00023796795661700656,-1.6413765201151005e-05
44.25000000000001,-0.0002708052139858336,-0.2708052139858336,-0.00021858796449425862,-2.4918922522476102e-05
44.30000000000001,-0.00021256743420899728,-0.21256743420899726,-0.0001955777012799546,-3.9182685649013875e-05
44.35000000000001,-0.00017412854423189375,-0.17412854423189375,-0.00016934362016099587,-5.628957489037063e-05
44.400000000000006,-0.00022200156207750972,-0.2220015620775097,-0.00014034923026825646,-7.134450486951842e-05
44.45000000000001,-0.00012472302353937648,-0.12472302353937648,-0.00010910202252421348,-7.863116020606964e-05
44.50000000000001,-8.4147983816223e-06,-0.008414798381622299,-7.613962370747777e-05,-7.31875867042136e-05
44.55000000000001,4.8525464486455836e-05,0.04852546448645584,-4.201572774902929e-05,-5.2396028995992433e-05
44.60000000000001,8.840948648735157e-05,0.08840948648735157,-7.28635958973456e-06,-1.7134545474069555e-05
44.650000000000006,0.00013748333485633687,0.13748333485633688,2.750299264043115e-05,2.789491794505819e-05
44.70000000000001,0.00014122125199099239,0.1412212519909924,6.182889026932231e-05,7.486671440340094e-05
44.75000000000001,0.0002812942994322222,0.28129429943222223,9.519969002394783e-05,0.00011449480037902568
44.80000000000001,0.0004234591088282932,0.42345910882829324,0.0001271632070422338,0.00013829138054594436
44.85000000000001,0.00043181768669176744,0.43181768669176746,0.00015731209018971228,0.00014081205487798582
44.900000000000006,0.00035527578277536916,0.35527578277536914,0.0001852868334404055,0.00012120668567622528
44.95000000000001,0.00028926655409076024,0.28926655409076024,0.0002107764928425293,8.35570689424573e-05
45.00000000000001,0.00024117315572831513,0.24117315572831513,0.000233517332364468,3.584729799772986e-05
45.05000000000001,0.00021169301506950992,0.21169301506950994,0.0002532897640437184,-1.2147469299155422e-05
45.10000000000001,0.00018329669597713628,0.18329669597713627,0.00026991405767731795,-5.141857474136038e-05
45.150000000000006,0.00013232371465286415,0.13232371465286416,0.0002832453608028229,-7.595825020208173e-05
45.20000000000001,0.00011923719627767208,0.11923719627767208,0.000293168588705058,-8.40210148008812e-05
45.25000000000001,0.00013005599931172857,0.13005599931172857,0.0002995937195079647,-7.80861807008772e-05
45.30000000000001,0.00015247890157897969,0.1524789015789797,0.00030245196570262114,-6.36120952005979e-05
45.35000000000001,0.00018539734484197313,0.18539734484197312,0.00030169319743425266,-4.704571269986577e-05
45.400000000000006,0.00021342673604662666,0.21342673604662665,0.0002972848742909197,-3.376065755726664e-05
45.45000000000001,0.00014511238718333176,0.14511238718333175,0.00028921261274486646,-2.6577887364461546e-05
45.50000000000001,0.0002047758108477897,0.2047758108477897,0.00027748238596030897,-2.528877732156598e-05
45.55000000000001,0.00022813072516900481,0.22813072516900482,0.0002621242278499055,-2.7239594216135967e-05
45.60000000000001,0.00019429682303706013,0.19429682303706014,0.00024319719771544762,-2.8678726265067534e-05
45.650000000000006,0.0002032391313803224,0.2032391313803224,0.0002207952596111145,-2.6334157919632194e-05
45.70000000000001,0.00020850528757553364,0.20850528757553363,0.00019505364696194072,-1.8648967309781457e-05
45.75000000000001,0.00022253350786270387,0.22253350786270387,0.0001661552220676899,-6.2607307199297866e-06
45.80000000000001,0.00025184185670269846,0.2518418567026985,0.0001343363042212028,8.393980249152329e-06
45.85000000000001,0.0002831373612209849,0.28313736122098493,9.98914318066829e-05,2.2143361957729354e-05
45.900000000000006,0.00024752039700631074,0.24752039700631073,6.317654655781106e-05,3.236862062605664e-05
45.95000000000001,0.00016435408881368166,0.16435408881368166,2.4610144980637552e-05,3.800969216151573e-05
46.00000000000001,0.0001367854639851198,0.13678546398511982,-1.532796827925716e-05,3.990972988612063e-05
46.05000000000001,0.00013187885148839906,0.13187885148839906,-5.610057439714742e-05,4.038164583736288e-05
46.10000000000001,0.00010968707857130498,0.10968707857130497,-9.711969907844615e-05,4.217033428720289e-05
46.150000000000006,2.2745095210996364e-05,0.022745095210996363,-0.00013775601416656473,4.719860147739318e-05
46.20000000000001,-5.118965388589476e-05,-0.051189653885894755,-0.0001773508180542031,5.555848876470907e-05
46.25000000000001,-0.00012118335157309822,-0.12118335157309823,-0.00021523028962175216,6.512784650464355e-05
46.30000000000001,-0.0001537009405268402,-0.1537009405268402,-0.0002507215778204028,7.198326190938092e-05
46.35000000000001,-0.00016093115343924228,-0.16093115343924227,-0.0002831701744099628,7.150916118897627e-05
46.400000000000006,-0.00019547459788840177,-0.19547459788840177,-0.0003119579272418523,5.985887464151934e-05
46.45000000000001,-0.0003045300374365553,-0.30453003743655527,-0.00033652098724980836,3.529670326408615e-05
46.50000000000001,-0.00043322323992311035,-0.43322323992311035,-0.00035636694322443996,-1.0075318589572042e-06
46.55000000000001,-0.0005390494971597986,-0.5390494971597986,-0.0003710903869217579,-4.4965530443503406e-05
46.60000000000001,-0.0005682641581002615,-0.5682641581002614,-0.00038038617507848624,-9.031116431643403e-05
46.650000000000006,-0.00057859594399669,-0.5785959439966899,-0.00038405972406741753,-0.00012984667199721298
46.70000000000001,-0.0006092058543720345,-0.6092058543720346,-0.0003820337909434776,-0.00015684499723648412
46.75000000000001,-0.0006037355174317182,-0.6037355174317183,-0.0003743513555892508,-0.0001662862754122186
46.80000000000001,-0.0005296187036763281,-0.529618703676328,-0.0003611744101552183,-0.00015571585031854052
46.85000000000001,-0.00045344372657722253,-0.45344372657722254,-0.00034277867033779815,-0.00012563701140670284
46.900000000000006,-0.0003955879892248195,-0.39558798922481947,-0.00031954443479412746,-7.944449492131874e-05
46.95000000000001,-0.0003244604068230771,-0.32446040682307714,-0.0002919440198804118,-2.2948442288581164e-05
47.00000000000001,-0.00022897705570934935,-0.22897705570934934,-0.0002605263730822364,3.644948525642332e-05
47.05000000000001,-9.868903736000947e-05,-0.09868903736000947,-0.00022589960951178019,9.0849144031249e-05
47.10000000000001,7.913009883773721e-05,0.07913009883773721,-0.0001887123147029912,0.00013308630025940534
47.150000000000006,0.00022213983799352475,0.22213983799352474,-0.00014963450723664738,0.0001579084438911373
47.20000000000001,0.00023486646426760778,0.2348664642676078,-0.00010933914906082662,0.00016284391691188374
47.25000000000001,0.0002157053676938988,0.2157053676938988,-6.848502442560961e-05,0.00014854582824108643
47.30000000000001,0.00021969816384473422,0.21969816384473423,-2.7701683294927785e-05,0.00011851575149701906
47.35000000000001,0.0002400582286416977,0.2400582286416977,1.2423023019166921e-05,7.82869725975548e-05
47.400000000000006,0.0002478374300383516,0.2478374300383516,5.1352475417590053e-05,3.429526366375573e-05
47.45000000000001,0.0002344069818105215,0.2344069818105215,8.860774195626448e-05,-7.275608111820625e-06
47.50000000000001,0.000230234117098194,0.230234117098194,0.00012377098675878155,-4.142833622304886e-05
47.55000000000001,0.0002204367288008211,0.2204367288008211,0.00015648602858534815,-6.492914509145422e-05
47.60000000000001,0.00020668819989816265,0.20668819989816264,0.00018645638465052692,-7.6509471875312e-05
47.650000000000006,0.00018989076288002539,0.18989076288002538,0.00021344124635195298,-7.67593403775369e-05
47.70000000000001,0.00017434530509777507,0.17434530509777507,0.0002372499114646803,-6.781047911307215e-05
47.75000000000001,0.00022488165280478564,0.22488165280478564,0.00025773523963547486,-5.289278930070576e-05
47.80000000000001,0.0002655255294563593,0.2655255294563593,0.00027478670455171613,-3.581470205140556e-05
47.85000000000001,0.0002102559953567084,0.2102559953567084,0.00028832359010965287,-2.039343930273051e-05
47.900000000000006,0.0002401971436911581,0.2401971436911581,0.0002982888254784567,-9.859615251118242e-06
47.95000000000001,0.0002704605671426965,0.2704605671426965,0.0003046438814883723,-6.282596907535476e-06
48.00000000000001,0.0002458277936021046,0.2458277936021046,0.00030736506219193756,-1.0099637015894026e-05
48.05000000000001,0.00022112194289380742,0.22112194289380743,0.00030644142360038054,-1.9865193220296588e-05
48.10000000000001,0.00021829276063704847,0.21829276063704847,0.0003018744403262793,-3.234300349512923e-05
48.150000000000006,0.00022965245216877904,0.22965245216877903,0.00029367942408405366,-4.302329328179442e-05
48.20000000000001,0.0002552328417433963,0.25523284174339633,0.00028188857879099505,-4.705790479062686e-05
48.25000000000001,0.00026277129056550755,0.2627712905655076,0.000266555459622497,-4.0482176734097426e-05
48.30000000000001,0.00028163591132264134,0.2816359113226413,0.00024776049486778464,-2.1464507139360572e-05
48.35000000000001,0.00031394968911493384,0.3139496891149338,0.00022561713815752267,8.764147792472162e-06
48.400000000000006,0.0003442378420586123,0.3442378420586123,0.00020027815178741843,4.565074111479127e-05
48.45000000000001,0.00036581646457926393,0.3658164645792639,0.00017194148483408648,8.196357798203078e-05
48.50000000000001,0.0003540935840843578,0.3540935840843578,0.0001408552066454351,0.00010933999377738655
48.55000000000001,0.0003683327844197221,0.3683327844197221,0.00010732098952471265,0.00012044478900414754
48.60000000000001,0.0002984437958907188,0.2984437958907188,7.169570350686432e-05,0.00011117946913167176
48.650000000000006,0.00024764413241303284,0.24764413241303285,3.43907868875299e-05,8.224862036695132e-05
48.70000000000001,0.0003165722732697264,0.31657227326972637,-4.130818714844281e-06,3.946972872040498e-05
48.75000000000001,0.00024307828846485753,0.24307828846485752,-4.336023919833702e-05,-7.472072906842739e-06
48.80000000000001,-8.97785093301171e-05,-0.08977850933011709,-8.275066625517313e-05,-4.763283335313992e-05
48.85000000000001,-2.1022161711449352e-05,-0.021022161711449352,-0.00012172755483296849,-7.207027477546205e-05
48.900000000000006,-0.000217176711163698,-0.217176711163698,-0.00015970065293729395,-7.669392012718825e-05
48.95000000000001,-0.00028207077076176766,-0.2820707707617677,-0.00019607738680031193,-6.364688956794836e-05
49.00000000000001,-0.00022978336714682345,-0.22978336714682346,-0.00023027705594074577,-4.0586569429124296e-05
49.05000000000001,-0.0002826380241843965,-0.2826380241843965,-0.00026174526766420354,-1.796614127641656e-05
49.10000000000001,-0.00010642815344560117,-0.10642815344560118,-0.00028996805156273394,-5.198316499523069e-06
49.150000000000006,-0.0001938991174468731,-0.1938991174468731,-0.0003144851287319998,-7.087512979309931e-06
49.20000000000001,-0.0005566499265479458,-0.5566499265479458,-0.00033490185345782955,-2.190790697779642e-05
49.25000000000001,-0.00041184684821578944,-0.41184684821578943,-0.0003508993892867072,-4.194189690926408e-05
49.30000000000001,-0.0003610448499717488,-0.3610448499717488,-0.0003622427329795009,-5.637644401048873e-05
49.35000000000001,-0.0004824869742016424,-0.4824869742016424,-0.00036878627314464077,-5.554347940439638e-05
49.400000000000006,-0.0005050634657066129,-0.5050634657066129,-0.0003704766705122575,-3.4940421313616665e-05
49.45000000000001,-0.0005916980533536975,-0.5916980533536975,-0.00036735296493277305,2.513034797887873e-06
49.50000000000001,-0.0003889789553196388,-0.38897895531963883,-0.0003595439406612514,4.6928007794103994e-05
49.55000000000001,-1.5464215266960534e-05,-0.015464215266960533,-0.000347262913073137,8.45719000910629e-05
49.60000000000001,-9.732330074602374e-05,-0.09732330074602373,-0.00033080022843536363,0.00010261001685093308
49.650000000000006,-0.00018435554218260595,-0.18435554218260594,-0.0003105138715789657,9.375675889734267e-05
49.70000000000001,-0.00029074639586494676,-0.29074639586494677,-0.0002868186309986422,5.9128367037267814e-05
49.75000000000001,-0.0002875359791508208,-0.2875359791508208,-0.00026017427542138124,8.24256884958641e-06
49.80000000000001,-5.428619139722021e-05,-0.05428619139722021,-0.00023107317356355945,-4.385766277688246e-05
49.85000000000001,-0.00015383365356926655,-0.15383365356926657,-0.00020002776521045975,-8.13763681680099e-05
49.900000000000006,-0.0001797457693097738,-0.1797457693097738,-0.0001675582735441038,-9.282695498240845e-05
49.95000000000001,-0.00021110563796140154,-0.21110563796140153,-0.0001341810272175834,-7.470697732751972e-05
50.00000000000001,-4.012683703194657e-05,-0.04012683703194657,-0.00010039773056411555,-3.258630350821477e-05
50.05000000000001,0.00013006755134307093,0.13006755134307094,-6.668598590747846e-05,2.0721311920954418e-05
50.10000000000001,0.00025530521112044496,0.25530521112044496,-3.349133582663054e-05,6.925705747635273e-05
50.150000000000006,0.00022663655659447388,0.22663655659447388,-1.2210458830077685e-06,9.889364738021422e-05
50.20000000000001,0.00019916750235396315,0.19916750235396316,2.976022520453891e-05,0.0001015482066358134
50.25000000000001,0.00015496400756614262,0.15496400756614262,5.9132825258723394e-05,7.731774306004978e-05
50.30000000000001,0.00012713530714601178,0.1271353071460118,8.66226582225134e-05,3.398112775718416e-05
50.35000000000001,8.943695676248974e-05,0.08943695676248974,0.0001120000830652757,-1.579946920666487e-05
50.400000000000006,6.492508266411226e-05,0.06492508266411226,0.00013507745895371292,-5.8540326722119444e-05
50.45000000000001,5.6976492982867295e-05,0.0569764929828673,0.00015570569898017665,-8.39181035337544e-05
50.50000000000001,9.883565692780591e-05,0.09883565692780591,0.00017377022499607847,-8.747606863935218e-05
50.55000000000001,0.00011740976018039686,0.11740976018039687,0.00018918671299847554,-7.135931528737449e-05
50.60000000000001,0.00012875684810414442,0.12875684810414442,0.00020189698753048712,-4.303966013585346e-05
50.650000000000006,0.00012222657013161525,0.12222657013161525,0.00021186537262955985,-1.2583892114170671e-05
50.70000000000001,0.00010500749089762712,0.10500749089762712,0.00021907574354690013,1.061613998543555e-05
50.75000000000001,0.00012884060139533356,0.12884060139533357,0.00022352945231615324,2.0665324405093215e-05
50.80000000000001,0.00016814196983384896,0.16814196983384896,0.000225244223080048,1.67556328738994e-05
50.85000000000001,0.00023149979175709207,0.23149979175709207,0.0002242540319107858,3.127772058921293e-06
50.900000000000006,0.00017966074851137327,0.17966074851137326,0.00022060990564831023,-1.2532172579664882e-05
50.95000000000001,0.00015839400089264865,0.15839400089264866,0.00021438150233158858,-2.1766281810227418e-05
51.00000000000001,0.00018244861314674037,0.18244861314674038,0.0002056592776077386,-1.8287729435369003e-05
51.05000000000001,0.00020999507725357963,0.20999507725357963,0.00019455699764411874,-2.9227144207342177e-07
51.10000000000001,0.00018093927431425013,0.18093927431425014,0.00018121432754945795,2.861152502944602e-05
51.150000000000006,0.00018850914311393602,0.18850914311393602,0.0001657992053261007,6.0219622148234556e-05
51.20000000000001,0.00023683791053297323,0.23683791053297323,0.0001485097077614525,8.41389410598209e-05
51.25000000000001,0.00027816481101314896,0.27816481101314894,0.00012957512888662936,9.110448851314956e-05
51.30000000000001,0.0002860373825882878,0.2860373825882878,0.00010925602523458416,7.617925043945345e-05
51.35000000000001,0.00020510937434512088,0.2051093743451209,8.784303722434332e-05,4.076660600532651e-05
51.400000000000006,8.967676568685112e-05,0.08967676568685112,6.56543733748093e-05,-7.317848412793732e-06
51.45000000000001,-1.3329077797948253e-05,-0.013329077797948253,4.303193827244832e-05,-5.586486264389328e-05
51.50000000000001,-4.3576801122569085e-05,-0.043576801122569085,2.0336182890247776e-05,-9.183236401659177e-05
51.55000000000001,-6.745263410801413e-05,-0.06745263410801414,-2.060159297119553e-06,-0.00010535193634757649
51.60000000000001,-0.00011426327351693667,-0.11426327351693667,-2.377922585975843e-05,-9.288553024347821e-05
51.650000000000006,-0.00015838238105090837,-0.15838238105090838,-4.444580820219596e-05,-5.8467247706568915e-05
51.70000000000001,-0.0001784625747784013,-0.1784625747784013,-6.369548781699099e-05,-1.2558569320372107e-05
51.75000000000001,-0.000112588362943168,-0.112588362943168,-8.118285042676637e-05,3.118166040975405e-05
51.80000000000001,-2.3744201001366618e-05,-0.023744201001366618,-9.658951460761608e-05,6.020507783330012e-05
51.85000000000001,-2.374528653744256e-05,-0.02374528653744256,-0.00010963173011994281,6.705339453838435e-05
51.900000000000006,-0.00022083792789246692,-0.22083792789246692,-0.00012006731734372469,5.167116216119845e-05
51.95000000000001,-0.00021547108903145773,-0.21547108903145773,-0.00012770172614658137,2.1253174717849114e-05
52.00000000000001,-0.00024034348201719028,-0.24034348201719027,-0.0001323929937045189,-1.2332743354982586e-05
52.05000000000001,-0.00030881824407723367,-0.3088182440772337,-0.00013405538936717403,-3.666780248872883e-05
52.10000000000001,-0.00036110414450929966,-0.3611041445092997,-0.00013266156256532859,-4.303523766796143e-05
52.15000000000001,-0.00032860745557602126,-0.3286074555760213,-0.00012824306021146233,-2.9350275528089448e-05
52.20000000000001,-0.00023875938330629646,-0.23875938330629645,-0.00012088915017129243,-7.792264587245725e-07
52.25000000000001,-0.0001250589823351756,-0.1250589823351756,-0.00011074397167059805,3.2131776606059064e-05
52.30000000000001,-8.96804665212645e-05,-0.0896804665212645,-9.800212183676488e-05,5.7134046227225585e-05
52.35000000000001,-6.836243796760158e-05,-0.06836243796760158,-8.290286509342551e-05,6.446701167980357e-05
52.40000000000001,-0.0001267413795147962,-0.1267413795147962,-6.572320588541974e-05,5.0132303061239705e-05
52.45000000000001,-0.00014463611433842497,-0.14463611433842496,-4.677009176996452e-05,1.7187646460291917e-05
52.50000000000001,-0.00012937296634513336,-0.12937296634513334,-2.637202039311421e-05,-2.5289571872366774e-05
52.55000000000001,-7.947816456843263e-05,-0.07947816456843262,-4.870322015051118e-06,-6.513077032463849e-05
52.60000000000001,-0.00010039032315537105,-0.10039032315537105,1.738961246650528e-05,-9.086828092436192e-05
52.65000000000001,-0.00010430237198347875,-0.10430237198347875,4.006688815992822e-05,-9.514809043151645e-05
52.70000000000001,-8.414291505356503e-05,-0.08414291505356504,6.283317896602557e-05,-7.671828377236865e-05
52.75000000000001,-5.158761124469756e-06,-0.005158761124469755,8.538005242390689e-05,-4.0466533650426585e-05
52.80000000000001,0.0001468713723905536,0.14687137239055362,0.00010742529043786424,4.363898383304938e-06
52.85000000000001,0.0002530903390605488,0.25309033906054884,0.00012871796407102335,4.7075314166240134e-05
52.90000000000001,0.0001781990685739449,0.1781990685739449,0.00014904204989183508,7.85273704898377e-05
52.95000000000001,0.00019848715699234427,0.19848715699234426,0.00016821842929023106,9.33183803028477e-05
53.00000000000001,0.00021628812156619683,0.21628812156619684,0.00018610519277435626,9.058142163411286e-05
53.05000000000001,0.00019893270404201105,0.19893270404201105,0.00020259626911202402,7.337605931604345e-05
53.10000000000001,0.00016717785780802526,0.16717785780802524,0.00021761849987804387,4.712428859386294e-05
53.15000000000001,0.00014285173096809017,0.14285173096809017,0.00023112737252590024,1.777542893270855e-05
53.20000000000001,0.00013074302236374877,0.13074302236374877,0.0002431017030616672,-9.663913474166384e-06
53.25000000000001,0.00014758160011688163,0.14758160011688162,0.0002535376177555846,-3.187120246593708e-05
53.30000000000001,0.00014079333369489505,0.14079333369489505,0.0002624422183919851,-4.721509457165364e-05
53.35000000000001,0.0001066667715352379,0.1066667715352379,0.0002698273268105872,-5.530943553243766e-05
53.40000000000001,8.181706386858211e-05,0.08181706386858212,0.00027570369408116513,-5.649970351135103e-05
53.45000000000001,7.530707644522206e-05,0.07530707644522207,0.0002800760296127358,-5.157060199155085e-05
53.50000000000001,8.608139155493903e-05,0.08608139155493903,0.00028293915623612653,-4.174066286694093e-05
53.55000000000001,9.850100896135589e-05,0.0985010089613559,0.0002842755292643337,-2.8788158625497377e-05
53.60000000000001,9.529883498551268e-05,0.09529883498551268,0.00028405427381635344,-1.5047156248284388e-05
53.65000000000001,0.0001333833409927693,0.1333833409927693,0.0002822318012793637,-3.073485352826742e-06
53.70000000000001,0.00017658120916077302,0.17658120916077302,0.000278753969653516,5.024827805385584e-06
53.75000000000001,0.00019283572657572082,0.19283572657572082,0.00027355966028203796,8.367826193509253e-06
53.80000000000001,0.0002345033759485103,0.2345033759485103,0.0002665855615296701,7.824876681687372e-06
53.85000000000001,0.00019980504934631369,0.19980504934631368,0.0002577718843377098,5.936420965217541e-06
53.90000000000001,0.00015340747759522434,0.15340747759522436,0.0002470686891496553,6.109969090284977e-06
53.95000000000001,0.00012751895971244376,0.12751895971244376,0.00023444247841042457,1.1282908435781452e-05
54.00000000000001,0.0001558276894439686,0.15582768944396858,0.00021988269956858204,2.252618533789566e-05
54.05000000000001,0.00024882867797478155,0.24882867797478156,0.0002034078048974914,3.816817416389834e-05
54.10000000000001,0.00022037753492047408,0.22037753492047407,0.00018507052482280952,5.3880967448532905e-05
54.15000000000001,0.00018333250444018241,0.18333250444018243,0.00016496203519345337,6.383413231474076e-05
54.20000000000001,0.00017608297303837133,0.17608297303837134,0.00014321474234069032,6.26132324247627e-05
54.25000000000001,0.00019700494613337277,0.19700494613337277,0.00012000347398317897,4.7278138373087054e-05
54.30000000000001,0.00015461567889779338,0.15461567889779337,9.554494369655268e-05,1.8821840570688407e-05
54.35000000000001,7.723186548523631e-05,0.07723186548523632,7.009544504453269e-05,-1.7562679829857033e-05
54.40000000000001,-3.725050224024595e-05,-0.03725050224024595,4.3946823666574035e-05,-5.362449890922243e-05
54.45000000000001,-9.014273966186651e-05,-0.0901427396618665,1.7420865748872934e-05,-8.03364774570697e-05
54.50000000000001,-0.00011081198769950504,-0.11081198769950504,-9.13768008645562e-06,-9.06229263144822e-05
54.55000000000001,-0.00010809142512953465,-0.10809142512953465,-3.536917300216269e-05,-8.163953638757877e-05
54.60000000000001,-0.00011838267254268324,-0.11838267254268324,-6.0907935304062e-05,-5.582024157130982e-05
54.65000000000001,-0.00014622041315306747,-0.14622041315306747,-8.539157444741873e-05,-2.0291372637572498e-05
54.70000000000001,-0.0001773890925123753,-0.1773890925123753,-0.0001084704551183586,1.5213449346611703e-05
54.75000000000001,-0.00011616873841450779,-0.1161687384145078,-0.00012981701446822578,4.130123958049838e-05
54.80000000000001,-4.78151617149913e-05,-0.047815161714991304,-0.00014913462857720004,5.1787586049657016e-05
54.85000000000001,-0.0001157110889310026,-0.1157110889310026,-0.0001661657564061751,4.554074187200759e-05
54.90000000000001,-0.00021370252901439175,-0.21370252901439174,-0.00018069910459078887,2.6679854175969857e-05
54.95000000000001,-0.00027503859353245964,-0.27503859353245963,-0.0001925755697079595,3.0574826331855273e-06
55.00000000000001,-0.0003226665064784567,-0.32266650647845674,-0.00020169272894563292,-1.6450221721729613e-05
55.05000000000001,-0.00029566209213675014,-0.29566209213675015,-0.00020800767686507106,-2.4909855623165236e-05
55.10000000000001,-0.00028602800162300763,-0.2860280016230076,-0.00021153805435983886,-1.954468511156752e-05
55.15000000000001,-0.00023052212906629938,-0.23052212906629937,-0.00021236118588668497,-2.476714780417717e-06
55.20000000000001,-0.0002204564127026826,-0.2204564127026826,-0.0002106113240695114,2.018893504842813e-05
55.25000000000001,-0.00015770174674634456,-0.15770174674634455,-0.00020647508555677278,4.0549740845934825e-05
55.30000000000001,-0.00013307999648338697,-0.13307999648338698,-0.00020018523915004612,5.1566207832471096e-05
55.35000000000001,-0.00011433143874512676,-0.11433143874512676,-0.0001920130708305523,4.9291565384274506e-05
55.40000000000001,-0.0001648544338420347,-0.16485443384203471,-0.00018225959765100623,3.397103762439287e-05
55.45000000000001,-0.00018109830581996428,-0.18109830581996428,-0.0001712459338848948,9.738699106327291e-06
55.50000000000001,-0.00013057347407964182,-0.13057347407964182,-0.00015930313226829312,-1.687677543705491e-05
55.55000000000001,-8.041639935501714e-05,-0.08041639935501714,-0.00014676183659001718,-3.906040231027936e-05
55.60000000000001,-7.547502689676206e-05,-0.07547502689676205,-0.0001339420927666881,-5.1720359638497245e-05
55.65000000000001,-5.54692846047917e-05,-0.0554692846047917,-0.00012114367180754101,-5.279478047056319e-05
55.70000000000001,-2.7745381957565727e-05,-0.027745381957565728,-0.00010863725467407902,-4.3534853218532813e-05
55.75000000000001,3.566583825974217e-05,0.03566583825974217,-9.665681292692191e-05,-2.7787497291709527e-05
55.80000000000001,7.807758575130058e-05,0.07807758575130058,-8.539349018787168e-05,-1.0596874801182446e-05
55.85000000000001,9.820972991111885e-05,0.09820972991111884,-7.499124787591614e-05,3.388014439237087e-06
55.90000000000001,0.00012308921930719645,0.12308921930719645,-6.554448310391387e-05,1.1207419164288988e-05
55.95000000000001,0.00015345457754240878,0.15345457754240877,-5.709775639391205e-05,1.2236733733949027e-05
56.00000000000001,0.00015392851613817783,0.15392851613817785,-4.9647684013684934e-05,8.065406738412062e-06
56.05000000000001,0.00016518561110022328,0.16518561110022328,-4.314695845899706e-05,1.7306669432749294e-06
56.10000000000001,0.00015169804428123409,0.1516980442812341,-3.7510365722908e-05,-3.394302409449912e-06
56.15000000000001,0.00012867997061137942,0.12867997061137942,-3.262257449613526e-05,-4.688385803183806e-06
56.20000000000001,0.0001346658894682392,0.1346658894682392,-2.8347385781613175e-05,-1.0254093801938775e-06
56.25000000000001,0.00015366567133789723,0.15366567133789724,-2.45380571262694e-05,7.008917001972341e-06
56.30000000000001,0.00019148853480654328,0.1914885348065433,-2.1048258035163324e-05,1.742532579468881e-05
56.35000000000001,0.0001599976501638427,0.1599976501638427,-1.7743173572026282e-05,2.7504447869440895e-05
56.40000000000001,0.00013084298955415714,0.13084298955415713,-1.4510250438273006e-05,3.459014412174522e-05
56.45000000000001,0.00010006130654665685,0.10006130654665685,-1.1269072858435163e-05,3.676656735092019e-05
56.50000000000001,0.00011161260899092651,0.11161260899092651,-7.97986626094591e-06,3.326479682253446e-05
56.55000000000001,0.00012660598503224854,0.12660598503224854,-4.6501590853221365e-06,2.4551892684187112e-05
56.60000000000001,8.258907945036608e-05,0.08258907945036607,-1.33918935925253e-06,1.2142424815463385e-05
56.65000000000001,5.694855819703059e-05,0.05694855819703059,1.840278793312664e-06,-1.7802306376957871e-06
56.70000000000001,8.378245324347933e-05,0.08378245324347933,4.722966616521661e-06,-1.4834092300135709e-05
56.75000000000001,7.846788665129438e-05,0.07846788665129438,7.095045588805923e-06,-2.4911148123978997e-05
56.80000000000001,8.031078128911729e-05,0.08031078128911728,8.701055620530612e-06,-3.057938011374796e-05
56.85000000000001,7.882981009411583e-05,0.07882981009411583,9.253642545867453e-06,-3.135451421084842e-05
56.90000000000001,8.037791970300786e-05,0.08037791970300787,8.445844888391608e-06,-2.779132554540768e-05
56.95000000000001,0.00010517888021656315,0.10517888021656314,5.965527981693198e-06,-2.1360054363650207e-05
57.00000000000001,0.0001637652790755082,0.1637652790755082,1.511440845274788e-06,-1.4107856571193612e-05
57.05000000000001,0.00021622636463237396,0.21622636463237396,-5.189736554641423e-06,-8.15962339240315e-06
57.10000000000001,0.00021907685882849624,0.21907685882849623,-1.4366073380158725e-05,-5.169814406083544e-06
57.15000000000001,0.0002169634645694564,0.2169634645694564,-2.618356766422186e-05,-5.8688268916432706e-06
57.20000000000001,0.00021508671585370956,0.21508671585370956,-4.0730616012381416e-05,-9.833024078117882e-06
57.25000000000001,0.00021796581609621112,0.21796581609621113,-5.800454403134112e-05,-1.5548680111285646e-05
57.30000000000001,0.00023421745585241498,0.23421745585241496,-7.79009146234028e-05,-2.0759707799402153e-05
57.35000000000001,0.00023411772727588998,0.23411772727588998,-0.00010020624769281795,-2.3015599618481335e-05
57.40000000000001,0.0001878689572394829,0.1878689572394829,-0.0001245946739115749,-2.0288903157571415e-05
57.45000000000001,0.00016908528998921203,0.16908528998921202,-0.00015062890902775496,-1.151764761830567e-05
57.50000000000001,0.00013682879054027785,0.13682879054027786,-0.00017776577754741535,3.0530624332475768e-06
57.55000000000001,0.00014604516000738652,0.14604516000738652,-0.00020536634188176954,2.1808676171927865e-05
57.60000000000001,0.00014363142966440686,0.14363142966440687,-0.00023271051239124552,4.19945407400931e-05
57.65000000000001,0.00013268588784244353,0.13268588784244353,-0.00025901583049799993,6.01837627819407e-05
57.70000000000001,-2.7464610777527807e-05,-0.027464610777527806,-0.0002834599343998149,7.288644977227785e-05
57.75000000000001,-5.027997367506671e-05,-0.05027997367506671,-0.00030520603905157754,7.719159238886263e-05
57.80000000000001,-7.883195326410434e-05,-0.07883195326410433,-0.0003234305976626819,7.13438948202604e-05
57.85000000000001,-0.00015342115830210414,-0.15342115830210415,-0.00033735217345240594,5.5170506461281376e-05
57.90000000000001,-0.00023872678429382783,-0.23872678429382782,-0.00034626044845573797,3.0277000205557273e-05
57.95000000000001,-0.0003134250684374114,-0.31342506843741136,-0.0003495442361732678,-5.948174494371485e-08
58.00000000000001,-0.00039746950636769844,-0.39746950636769846,-0.00034671734988878675,-3.1338402964386506e-05
58.05000000000001,-0.00042994289611405226,-0.4299428961140523,-0.00033744121272881943,-5.859738983525024e-05
58.10000000000001,-0.0004503602700924551,-0.4503602700924551,-0.00032154318278536994,-7.737252905663021e-05
58.15000000000001,-0.00048289153788905545,-0.4828915378890554,-0.0002990297066281999,-8.46621279134013e-05
58.20000000000001,-0.0004967325778668635,-0.4967325778668635,-0.00027009360187535707,-7.965433116336406e-05
58.25000000000001,-0.00046766748087796885,-0.46766748087796883,-0.000235114995285448,-6.399676169455204e-05
58.30000000000001,-0.0003828303445911059,-0.3828303445911059,-0.00019465569695783645,-4.1478675573907524e-05
58.35000000000001,-0.00027297799059156866,-0.2729779905915687,-0.0001494470623704721,-1.715097461748967e-05
58.40000000000001,-0.0002500461610024406,-0.25004616100244065,-0.00010037166790073285,3.916090909662252e-06
58.45000000000001,-0.00020633697930871447,-0.20633697930871447,-4.84393853202462e-05,1.7906504660252194e-05
58.50000000000001,-0.00010078864854721437,-0.10078864854721437,5.241328513089981e-06,2.3198645734125554e-05
58.55000000000001,-2.1585333360551977e-06,-0.002158533336055198,5.949591809493413e-05,2.068949174306441e-05
58.60000000000001,3.820340902418569e-05,0.03820340902418569,0.00011311883376996377,1.3395626537291432e-05
58.65000000000001,4.0821016263848884e-05,0.04082101626384888,0.00016490999444186656,5.441755944326807e-06
58.70000000000001,8.444379412285452e-05,0.08444379412285452,0.00021371129885775338,7.434315314092758e-07
58.75000000000001,0.00013634400362572377,0.13634400362572377,0.0002584418780833739,1.7978621123415677e-06
58.80000000000001,0.00019481491633250613,0.19481491633250614,0.00029813083151292776,8.967692371873183e-06
58.85000000000001,0.00020608126086536568,0.20608126086536568,0.00033194628125600526,2.0477156653200317e-05
58.90000000000001,0.00018242505923555914,0.18242505923555913,0.0003592197131938432,3.309424059366713e-05
58.95000000000001,0.00021856925112319144,0.21856925112319145,0.0003794647460768006,4.3237105425900844e-05
59.00000000000001,0.0002489113047054262,0.2489113047054262,0.0003923896782944491,4.8104556358738145e-05
59.05000000000001,0.0001641238346980213,0.1641238346980213,0.0003979033981239302,4.643943850480782e-05
59.10000000000001,3.542656994466627e-05,0.03542656994466627,0.00039611449990937055,3.868952108001416e-05
59.15000000000001,-7.922207397365718e-05,-0.07922207397365717,0.00038732371732384704,2.6575968525197924e-05
59.20000000000001,-0.00021642622208826141,-0.21642622208826143,0.00037201005232727856,1.2314594757010702e-05
59.25000000000001,-0.0002996929630645288,-0.2996929630645288,0.0003508112266279947,-2.1451989409197924e-06
59.30000000000001,-0.00040787260949979025,-0.40787260949979026,0.0003244992947640161,-1.5549738378733234e-05
59.35000000000001,-0.0005040784928371377,-0.5040784928371377,0.0002939524248244512,-2.73173367559578e-05
59.40000000000001,-0.0006441146164844494,-0.6441146164844495,0.0002601239721461619,-3.717526039264174e-05
59.45000000000001,-0.0008161257080222322,-0.8161257080222322,0.00022401004446619236,-4.4730440011492466e-05
59.50000000000001,-0.0009594341784649043,-0.9594341784649043,0.00018661678493126743,-4.925528079667716e-05
59.55000000000001,-0.0010678069564316463,-1.0678069564316464,0.00014892858069167237,-4.9831587180646856e-05
59.60000000000001,-0.0012049417307514537,-1.2049417307514536,0.00011187833750012793,-4.578758955853223e-05
59.65000000000001,-0.0013497547718124233,-1.3497547718124234,7.632084571129331e-05,-3.719186356227708e-05
59.70000000000001,-0.0014696676452414434,-1.4696676452414434,4.3010105775923525e-05,-2.51178202079107e-05
59.75000000000001,-0.0014720610317099107,-1.4720610317099108,1.2581289791046283e-05,-1.1490063499769008e-05
59.80000000000001,-0.0015083745157571625,-1.5083745157571624,-1.446220089733811e-05,1.4726865346865413e-06
59.85000000000001,-0.0016006033976079382,-1.6006033976079383,-3.775635140645105e-05,1.1991230771587628e-05
59.90000000000001,-0.001715530412502553,-1.715530412502553,-5.707881776621295e-05,1.9299236823748904e-05
59.95000000000001,-0.0017971753296135012,-1.7971753296135011,-7.234608321110585e-05,2.3777305202784804e-05
